"last_name, first_name","player_id","year","pa","xwobacon","avg_swing_speed","avg_swing_length","attack_angle","attack_direction","vertical_swing_path"
"Cabrera, Miguel",408234,2023,370,".337","68.2","7.4",6.2,5.3,32.4
"Cruz Jr., Nelson",443558,2023,152,".407",,,,,
"Peralta, David",444482,2023,422,".352","72.1","7.3",5.2,-1.7,31.8
"Longoria, Evan",446334,2023,237,".431","71.9","7.7",15,-4.6,37.6
"Blackmon, Charlie",453568,2023,413,".340","66.9","7",8.1,-3.1,31.9
"Maldonado, Martín",455117,2023,407,".370","71.7","7.7",16.4,-4.2,31.7
"Solano, Donovan",456781,2023,450,".406","68.1","7",8.5,-0.3,37
"McCutchen, Andrew",457705,2023,473,".382","71.8","7.4",13.3,-0.9,33.4
"Turner, Justin",457759,2023,626,".367","66.4","6.5",10.7,-1.5,34.9
"Votto, Joey",458015,2023,242,".331","68.7","7.3",17.9,2.7,40.4
"Andrus, Elvis",462101,2023,406,".290","68.4","7.7",6.9,0.8,29.7
"Santana, Carlos",467793,2023,619,".323","71.4","7.5",11.2,-4.5,26.4
"Belt, Brandon",474832,2023,404,".462","72.7","7",15.9,6.3,45.9
"Gurriel Jr., Yuli",493329,2023,329,".280","70.6","7.7",2.3,-2,23.7
"Rojas, Miguel",500743,2023,423,".286","68.8","6.9",4.9,-3.1,33
"Escobar, Eduardo",500871,2023,309,".296","68.3","6.8",11.7,-2.7,31.2
"Pham, Tommy",502054,2023,481,".429","73.8","6.9",6.6,-0.8,28.4
"Martinez, J.D.",502110,2023,479,".518","72.9","8.5",14.4,-1.8,37.8
"Goldschmidt, Paul",502671,2023,687,".440","72.1","7.5",8.6,5.8,32.8
"Altuve, Jose",514888,2023,410,".350","70.5","7.7",16.7,-1.5,32
"Segura, Jean",516416,2023,326,".295","70","6.6",3.6,4.5,26.9
"Marte, Starling",516782,2023,341,".363","70.6","7.5",11.6,-3.7,38.6
"d'Arnaud, Travis",518595,2023,292,".391","72.3","7.7",10.5,2.3,30.8
"Donaldson, Josh",518626,2023,189,".395","73.3","7.7",14.9,-1,26.9
"Freeman, Freddie",518692,2023,730,".457","70.5","6.7",7.5,2.3,43.7
"Grandal, Yasmani",518735,2023,405,".311","70.7","7.5",9.3,1.4,26.6
"Heyward, Jason",518792,2023,377,".344","73.8","8.1",7.7,-6.5,29.8
"LeMahieu, DJ",518934,2023,562,".369","68.2","7.2",7.1,7,29.6
"Moustakas, Mike",519058,2023,386,".327","71.6","7.3",8.6,-7.1,26.8
"Rizzo, Anthony",519203,2023,421,".367","68.8","6.9",12.6,-7.4,33.7
"Stanton, Giancarlo",519317,2023,415,".429","81","8.5",8.4,-0.1,27.7
"Perez, Salvador",521692,2023,580,".407","72.7","7.9",12.9,-4.6,34.6
"Flores, Wilmer",527038,2023,454,".347","67.5","7.1",12.4,-6.5,32.4
"García, Avisaíl",541645,2023,118,".416","71.9","7.5",8.6,-2.2,32.3
"Bethancourt, Christian",542194,2023,332,".348","72.5","7.5",13.1,-5.4,27.5
"Pérez, Carlos",542208,2023,189,".359","70.3","7.9",11.1,-10.9,30.2
"Ozuna, Marcell",542303,2023,592,".481","75","7.5",13,-1.4,36.7
"Ortega, Rafael",542364,2023,136,".291","69.2","7.3",11.9,-5.5,30.5
"Aguilar, Jesús",542583,2023,115,".309",,,,,
"Berti, Jon",542932,2023,424,".370","72.3","7.4",2.5,7.5,28.6
"Crawford, Brandon",543063,2023,320,".348","71.5","7.6",15.1,-2.1,32.8
"Cron, C.J.",543068,2023,278,".410","73.6","8.2",7.7,-2.2,30.4
"Gomes, Yan",543228,2023,419,".369","69.1","7.7",9.3,-3.9,33.4
"Grossman, Robbie",543257,2023,420,".332","67.1","6.5",12.8,-4.2,35.4
"Harrison, Josh",543281,2023,114,".298","68.3","7.4",13.9,0.3,33.7
"Hicks, Aaron",543305,2023,312,".294","66.9","7.2",10.7,-2.3,28.9
"Higashioka, Kyle",543309,2023,260,".411","72.5","7.5",13,-6.6,32.8
"Hosmer, Eric",543333,2023,100,".297",,,,,
"McCann, James",543510,2023,226,".404","70.4","7.2",13.3,-3.6,37.8
"Nola, Austin",543592,2023,154,".262","66.1","7.4",7.3,8.8,33.3
"Rendon, Anthony",543685,2023,183,".348",,,,,
"Semien, Marcus",543760,2023,753,".349","68.7","7.6",14,-4.4,33.4
"Springer III, George",543807,2023,683,".369","72.7","7.5",10,-0.9,31.7
"Vázquez, Christian",543877,2023,355,".310","66.6","6.8",9.5,3,30.2
"Wong, Kolten",543939,2023,250,".284","70.3","6.8",10.4,-4,33
"Vargas, Ildemaro",545121,2023,286,".295","69.5","7.3",5.6,0.7,24.5
"Grichuk, Randal",545341,2023,471,".377","74.5","7.6",8.3,-3.9,28
"Trout, Mike",545361,2023,362,".510","72.9","7.4",2.9,6,38.6
"Harper, Bryce",547180,2023,546,".470","75.5","7.4",12,0,36
"Abreu, José",547989,2023,594,".369","74","7.3",7.9,-0.3,32.4
"Díaz, Elias",553869,2023,526,".351","73.6","7",6.1,-3.8,31
"Narváez, Omar",553882,2023,146,".338","67.3","7.1",11.8,-1.6,38.5
"Suárez, Eugenio",553993,2023,694,".418","72.3","7.8",17.8,-0.6,38.2
"Urshela, Gio",570482,2023,228,".322",,,,,
"Schoop, Jonathan",570731,2023,151,".324",,,,,
"Arenado, Nolan",571448,2023,612,".358","71.4","8.2",12,-5.7,34.6
"Barnhart, Tucker",571466,2023,123,".290","67.3","7.3",14.5,-5.6,35.4
"Farmer, Kyle",571657,2023,369,".373","66.6","6.8",12.6,0.3,32.8
"Haniger, Mitch",571745,2023,229,".407","71.9","7.2",12.9,-0.3,32.3
"Hernández, Enrique",571771,2023,508,".302","72.3","7.5",6.5,-4.1,28.2
"Maile, Luke",571912,2023,199,".377","68.3","6.7",13.1,2.7,34.7
"Muncy, Max",571970,2023,579,".443","71.3","7.1",15.9,-4.6,33.5
"Myers, Wil",571976,2023,141,".334",,,,,
"Pollock, AJ",572041,2023,144,".313","72.5","7.8",13.2,-4.7,26.3
"Singleton, Jon",572138,2023,105,".323","71.6","7.2",11.5,-12.8,29.2
"Taylor, Michael A.",572191,2023,388,".432","74.4","7.3",14.1,-0.7,32.5
"Thompson, Trayce",572204,2023,179,".410","72.7","7.7",19.1,-3.2,39.6
"Walker, Christian",572233,2023,661,".380","75","7.4",8.2,-4.8,30.9
"Zunino, Mike",572287,2023,140,".356",,,,,
"Carpenter, Matt",572761,2023,237,".341","69.1","8.1",16.6,-5.9,37.5
"Dickerson, Corey",572816,2023,152,".333","69.9","7.4",7.9,0.7,29.5
"Yastrzemski, Mike",573262,2023,381,".391","70.6","7.4",12.2,-2.3,32.4
"Contreras, Willson",575929,2023,495,".437","76.3","7.7",10.3,-3,31.2
"Bryant, Kris",592178,2023,335,".361","69.3","8",15.9,-5.4,37.7
"Canha, Mark",592192,2023,507,".326","67.8","7.3",12.6,-3.4,30.8
"Castellanos, Nick",592206,2023,671,".420","72.4","7.7",15.6,-7,39.9
"Drury, Brandon",592273,2023,523,".405","71.7","7.5",9.5,-1.3,31
"Judge, Aaron",592450,2023,458,".635","76.4","8.1",15.8,-5.3,42.3
"Machado, Manny",592518,2023,601,".372","76.7","7.7",6.3,-2.9,25.4
"Pederson, Joc",592626,2023,425,".412","72.6","7.4",8,-5.6,29.8
"Realmuto, J.T.",592663,2023,540,".421","73.5","7.6",16.3,2.4,37.5
"Renfroe, Hunter",592669,2023,548,".334","74.7","7.9",8.7,-9.5,26.9
"Rosario, Eddie",592696,2023,516,".389","70.4","7.1",12.1,-0.4,31.4
"Yelich, Christian",592885,2023,632,".425","73.6","7.4",7.6,7.2,36.4
"Merrifield, Whit",593160,2023,592,".304","64.8","6.9",11.5,-2.1,33.4
"Bogaerts, Xander",593428,2023,665,".341","70.4","7.2",9.4,-4.6,32.6
"Polanco, Jorge",593871,2023,343,".427","70.6","7.3",13.3,-7.8,36.8
"Calhoun, Kole",594777,2023,174,".346","69.4","7",12.7,-5.2,31.5
"Duvall, Adam",594807,2023,353,".410","72.2","7.6",16.9,-10.5,31.3
"Kiermaier, Kevin",595281,2023,408,".345","69.8","7.1",7.9,-2.1,29.8
"Wallach, Chad",595453,2023,172,".409","73.2","7.7",10.8,-3.9,31.5
"Profar, Jurickson",595777,2023,521,".320","71.1","7.3",8.9,-1.1,32.3
"Báez, Javier",595879,2023,547,".334","74.1","8.5",10.3,-1.5,29.1
"Cave, Jake",595909,2023,203,".341","68.9","6.9",11.8,5.5,37.6
"Gallagher, Cam",595956,2023,149,".227","68.8","7.6",7.1,-7,26.7
"Hedges, Austin",595978,2023,212,".296","68.2","7.1",11,-3,27.6
"Lindor, Francisco",596019,2023,687,".388","71","7.6",10.8,-4.9,32.3
"Odor, Rougned",596059,2023,157,".365","73.2","7.6",4.8,-4.8,29
"Slater, Austin",596103,2023,207,".429","73.3","7.1",13.6,6,38.5
"Story, Trevor",596115,2023,168,".366","71.1","7.3",9.9,-1.1,33
"Stubbs, Garrett",596117,2023,125,".213","67.5","7",10.7,-8.1,27.3
"Vogelbach, Daniel",596129,2023,319,".376","70.9","7.6",13.5,-3.1,34.4
"Sánchez, Gary",596142,2023,267,".424","73.4","7.4",12.2,-6.7,30.1
"Kepler, Max",596146,2023,491,".428","72.3","7.5",7.4,-6.4,30.7
"Choi, Ji Man",596847,2023,117,".467","72.2","7.3",12.7,-1.3,31.9
"Bradley Jr., Jackie",598265,2023,113,".299",,,,,
"Candelario, Jeimer",600869,2023,576,".359","69.3","7.8",12.2,-2.5,35
"Urías, Ramón",602104,2023,396,".333","70.8","7.4",7,3.3,26.6
"Ahmed, Nick",605113,2023,210,".322","69.7","7.3",11.4,0.4,27
"Anderson, Brian",605119,2023,361,".405","72.4","7.5",13,1.6,32.7
"Barnes, Austin",605131,2023,200,".300","68.6","6.5",6.4,1.9,27.4
"Bell, Josh",605137,2023,617,".398","72.3","8.1",9.2,-0.3,33.9
"Betts, Mookie",605141,2023,693,".437","71.3","7.2",11.6,-6.5,36.3
"Caratini, Victor",605170,2023,226,".344","72.1","7.1",8.6,-3.4,32.7
"Davis, J.D.",605204,2023,546,".405","72.2","7.3",7.7,9.9,35.2
"Castro, Harold",605612,2023,270,".332","66.6","6.5",11.7,1.6,44.2
"Arcia, Orlando",606115,2023,533,".345","71.1","7.7",7.5,-3.8,26.8
"Tapia, Raimel",606132,2023,169,".340","71.2","6.8",0.6,9.2,37.6
"Hernández, Teoscar",606192,2023,678,".466","74","7.9",12.6,-1.2,34.3
"Marte, Ketel",606466,2023,650,".365","73.2","7.5",8.1,-7.5,32.8
"Haase, Eric",606992,2023,293,".322","72.5","7.3",9.2,-5.2,28.6
"Nimmo, Brandon",607043,2023,682,".400","72.7","7.2",5.5,0.7,28.5
"Peterson, Jace",607054,2023,430,".319","67.6","6.9",12.5,-6.7,33.2
"Turner, Trea",607208,2023,691,".394","72.4","7.6",12.4,-7.2,29.9
"Pillar, Kevin",607680,2023,206,".377","71","7.8",13.1,-6.9,32.1
"Stallings, Jacob",607732,2023,276,".288","67.2","7.1",9,-3,32.5
"Ramírez, José",608070,2023,691,".375","70.5","7.2",7.7,-7.5,28.6
"Bregman, Alex",608324,2023,724,".344","70.2","6.9",12.1,-0.9,28.8
"Gallo, Joey",608336,2023,332,".454","73.9","7.5",20.3,-9.3,35.9
"Kelly, Carson",608348,2023,151,".281","70.2","7.1",10.9,-3.1,31.5
"Seager, Corey",608369,2023,536,".468","71.8","6.6",14.1,-2.8,33.7
"Winker, Jesse",608385,2023,197,".307","69.9","7.3",16.1,-0.8,32.9
"Murphy, Tom",608596,2023,159,".464","72.5","8",13.1,-4.8,36.2
"Jankowski, Travis",608671,2023,287,".293","66.4","6.2",-3.4,-3.6,33.9
"Refsnyder, Rob",608701,2023,243,".358","72.9","7.3",11.7,3.2,34.3
"Meneses, Joey",608841,2023,657,".329","69.7","6.7",7.6,-0.4,35.2
"Swanson, Dansby",621020,2023,638,".413","71.5","7.3",14.4,-1.5,35.8
"Newman, Kevin",621028,2023,253,".323","66.9","6.8",7.7,-2.5,32.9
"Taylor, Chris",621035,2023,384,".415","71.2","7.3",15,-1.3,39.1
"Correa, Carlos",621043,2023,580,".380","74.8","7.3",9,-1.4,33.3
"Taylor, Tyrone",621438,2023,243,".373","69.7","7.4",13.1,-6.7,35.8
"Buxton, Byron",621439,2023,347,".418","76.2","8",16.3,-8.8,33.8
"Stewart, DJ",621466,2023,185,".444","71","7.2",12.3,-4.4,25.2
"Ward, Taylor",621493,2023,409,".374","69.5","7",7.1,-0.6,29.3
"Remillard, Zach",621545,2023,160,".286","69.1","7.1",10.1,-3.9,31.9
"Wisdom, Patrick",621550,2023,302,".504","76.6","8",14.8,-6.5,32.1
"Wendle, Joey",621563,2023,318,".310","68.3","7",4.5,0.5,29
"Olson, Matt",621566,2023,720,".470","74.9","7.3",8.3,-0.6,35.4
"Duffy, Matt",622110,2023,209,".331","67.5","6.7",6.3,-2.4,36
"Margot, Manuel",622534,2023,336,".331","71.6","7.2",5.3,-0.6,27.5
"Reyes, Pablo",622569,2023,185,".317","69.4","7.2",9.6,-0.9,28.3
"Mateo, Jorge",622761,2023,350,".349","73.4","7.6",4.7,-3.7,31.5
"Ramírez, Harold",623912,2023,434,".364","72.3","7.3",1.5,0.8,34.7
"Santander, Anthony",623993,2023,656,".378","72.9","7.2",7.2,-5.1,27.7
"Alonso, Pete",624413,2023,658,".436","75.7","7.4",13.4,-7.8,31.5
"Arroyo, Christian",624414,2023,206,".332","71.9","7.5",13,-6.8,36.3
"Biggio, Cavan",624415,2023,338,".360","67.8","6.9",11.1,-3.6,38.4
"Conforto, Michael",624424,2023,470,".377","73","7.2",11.8,-1.1,31.4
"Frazier, Adam",624428,2023,455,".319","67","7.1",11.4,-2.1,36.7
"Trevino, Jose",624431,2023,168,".293","67.7","7",3.9,5.6,21.8
"McGuire, Reese",624512,2023,206,".296","67.5","8.1",10.8,-1.9,31.3
"Soler, Jorge",624585,2023,580,".458","75.8","7.8",10.1,-5.8,34.1
"Sosa, Edmundo",624641,2023,300,".362","73.1","8",10.7,-2.1,36.3
"Ibáñez, Andy",628451,2023,383,".379","69.6","7.1",5.7,1,29.4
"Cronenworth, Jake",630105,2023,522,".327","68.3","6.8",5.8,2.5,32.6
"Azocar, José",640492,2023,102,".378","70.1","7.1",4.9,1.1,37.5
"Anderson, Tim",641313,2023,524,".338","68.8","7.1",8.9,5.6,40.8
"Bauers, Jake",641343,2023,272,".485","75.1","7.8",14.1,-4.2,35.3
"Bellinger, Cody",641355,2023,556,".357","69.9","7.6",12.6,-1.6,32.6
"Calhoun, Willie",641432,2023,149,".314",,,,,
"Crawford, J.P.",641487,2023,638,".359","71.9","7.6",7.5,-4,33
"Davis, Jonathan",641505,2023,104,".368",,,,,
"Delay, Jason",641511,2023,187,".297","67.1","7.1",11.5,-1.7,36.4
"Fraley, Jake",641584,2023,380,".358","71.7","7.1",10.2,-7.6,38.9
"Garver, Mitch",641598,2023,344,".434","70.8","7.1",12.2,-4.2,29.6
"Guillorme, Luis",641645,2023,120,".266","65.2","7.2",7.9,7.1,30.8
"Hampson, Garrett",641658,2023,252,".349","67.4","6.8",9.5,0.8,31.6
"Heim, Jonah",641680,2023,501,".370","68.4","7.3",11.1,2.5,29.3
"Mancini III, Trey",641820,2023,263,".346","72.6","7.8",13.1,-2.6,34.2
"McKinney, Billy",641856,2023,147,".430","71.3","7.1",14.2,-4.8,37.5
"McMahon, Ryan",641857,2023,627,".452","72.2","7.3",8.8,4.4,38.5
"O'Neill, Tyler",641933,2023,266,".406","72.6","7",12.1,-2.3,33.6
"Palacios, Joshua",641943,2023,264,".383","71.5","7.2",8.7,-1.8,31.4
"Smith, Dominic",642086,2023,586,".338","68.6","7",11.6,-3.3,34.3
"Tellez, Rowdy",642133,2023,351,".365","74.5","7.9",5.1,-7.2,28.7
"Thaiss, Matt",642136,2023,307,".400","73.3","7.9",11.8,1.3,30
"Mejía, Francisco",642336,2023,160,".296","67.8","7",10.5,-7.9,31.2
"Siri, Jose",642350,2023,364,".441","73.3","7.9",14.2,-3.2,33.6
"Rosario, Amed",642708,2023,545,".347","71.2","7.2",4.1,-1.3,28.8
"Adames, Willy",642715,2023,638,".406","72.5","8.2",16.1,-4.3,34.3
"Estrada, Thairo",642731,2023,530,".350","70.3","7.2",10.2,-4.4,31.8
"Wynns, Austin",642851,2023,145,".262","68.9","7.1",11.3,-0.5,37.9
"Benintendi, Andrew",643217,2023,621,".327","67","6.6",10.9,6.7,34.8
"Cooper, Garrett",643265,2023,457,".418","73.8","7.8",10,-0.4,40.6
"Dubón, Mauricio",643289,2023,492,".334","69.8","7.6",4.5,2.7,33
"Jansen, Danny",643376,2023,301,".350","70.9","6.8",12.3,-5,28.5
"Kemp, Tony",643393,2023,419,".271","65","6.8",9.5,-1.9,32.9
"Kiner-Falefa, Isiah",643396,2023,361,".326","67.5","6.9",5.6,4.2,32.3
"McNeil, Jeff",643446,2023,648,".285","68.2","6.9",7.4,-2.9,32.2
"Tauchman, Mike",643565,2023,401,".374","68.4","6.8",2.8,8.1,34.4
"Chang, Yu",644374,2023,112,".352","72.6","7.6",12.7,-5.4,30.7
"Albies, Ozzie",645277,2023,660,".375","70","7.3",13.7,-6.8,34.2
"Robles, Victor",645302,2023,126,".323",,,,,
"Herrera, Jose",645444,2023,120,".290","66.2","6.9",7.2,-5.8,34.7
"Ford, Mike",645801,2023,251,".410","71.1","7",15.1,-9.2,29.1
"Devers, Rafael",646240,2023,656,".441","73.4","7.5",9.7,0.5,26.9
"Naylor, Josh",647304,2023,495,".382","73.2","7.6",7.4,-2.4,30.1
"Díaz, Aledmys",649557,2023,344,".304","70.8","7.6",5.8,-6.9,27.8
"Urías, Luis",649966,2023,177,".292","68","7.7",19.5,-3.4,31
"Arraez, Luis",650333,2023,617,".358","63.8","5.9",7.4,5.9,38.5
"Jiménez, Eloy",650391,2023,489,".364","75.2","7.3",6,-4.1,24.7
"Torres, Gleyber",650402,2023,672,".385","71.7","7.3",11,2.3,34.4
"Castro, Willi",650489,2023,409,".345","72","7.3",7.2,-6.9,38.6
"Díaz, Yandy",650490,2023,600,".413","73.8","7.5",4.4,5.8,25.9
"De La Cruz, Bryan",650559,2023,626,".405","72.2","7.7",12.6,-0.5,38.1
"Rengifo, Luis",650859,2023,445,".351","71","7.3",9.7,-0.1,33.9
"Pinto, René",650907,2023,105,".480","72.9","7.2",9.4,-0.1,31.3
"Monasterio, Andruw",655316,2023,315,".346","67.1","6.7",8.9,0.5,34.3
"Adams, Riley",656180,2023,158,".357","75.2","8.1",8.9,-5,35.7
"Chapman, Matt",656305,2023,581,".426","75.5","7.6",8.8,-3.3,27.5
"Fairchild, Stuart",656413,2023,255,".377","70.4","7.4",13.2,-2.2,36.9
"Garrett, Stone",656448,2023,271,".461","74.7","7.9",11.2,-6.5,31.2
"Joe, Connor",656582,2023,472,".377","73.8","7.2",7,-7.9,30.5
"McKinstry, Zach",656716,2023,518,".359","67.9","6.9",12.3,-0.4,38.4
"Mullins II, Cedric",656775,2023,455,".329","71.1","7.6",11.1,-8.4,28.4
"O'Hearn, Ryan",656811,2023,368,".402","72.2","7",8.9,2.9,33.9
"Rivera, Emmanuel",656896,2023,283,".355","69.5","6.9",8.3,0.1,34.1
"Schwarber, Kyle",656941,2023,720,".460","77.1","7.9",13.1,-7.3,29.7
"Smith, Pavin",656976,2023,228,".342","72.7","7.5",12.6,-8.2,32.4
"Thomas, Lane",657041,2023,682,".403","71.7","6.9",10.4,-3.9,29.2
"Verdugo, Alex",657077,2023,602,".358","67.5","6.2",6.2,-1.2,29.2
"Wong, Connor",657136,2023,403,".378","71.2","7.2",13.3,2,33.6
"DeJong, Paul",657557,2023,400,".368","69.5","6.9",14.8,-3.9,36.3
"Laureano, Ramón",657656,2023,404,".381","71.1","6.8",11.9,2,35.9
"Sheets, Gavin",657757,2023,344,".291","72.8","7.7",8.4,-8.9,30.1
"Olivares, Edward",658668,2023,385,".377","71.1","7.3",10.3,-2.9,28.3
"Moncada, Yoán",660162,2023,357,".425","74.2","7.7",10.5,-2.2,38.5
"Ohtani, Shohei",660271,2023,599,".543","77.4","7.9",12.6,-2,35.3
"Acuña Jr., Ronald",660670,2023,735,".493","77.3","7.4",6.8,5.1,34.6
"Ruiz, Keibert",660688,2023,562,".333","66.4","7.1",9.7,-10.2,32.9
"Montero, Elehuris",660707,2023,307,".362","75.3","7.7",9.1,-14,35.4
"Gonzalez, Oscar",660757,2023,180,".349","73.9","7.2",4.8,-0.3,31.7
"Sánchez, Jesús",660821,2023,402,".444","74.4","7",6.6,4.8,31
"Contreras, William",661388,2023,611,".379","73.8","7.3",9.7,2.2,27.5
"Varsho, Daulton",662139,2023,581,".357","74.6","7.8",10.4,-4.2,29.4
"Perkins, Blake",663368,2023,168,".312","69.1","7.1",9.2,-1.6,28.9
"Nootbaar, Lars",663457,2023,503,".390","72.2","7",9.1,-2,30.2
"Nevin, Tyler",663527,2023,111,".329","67.2","6.9",11.2,1,36.6
"Hoerner, Nico",663538,2023,688,".313","68.8","7.1",4.7,-0.4,32.7
"Riley, Austin",663586,2023,715,".452","76.2","7.5",9.6,-2.7,33.9
"Madrigal, Nick",663611,2023,294,".291","66","6.4",4.3,1.1,26.7
"Larnach, Trevor",663616,2023,212,".440","73.2","7.6",13.1,-8.5,39.7
"Mountcastle, Ryan",663624,2023,470,".433","76.3","7.4",4.4,3.4,37.8
"McKenna, Ryan",663630,2023,139,".347","73.4","7.3",10.7,-1.8,33
"Hayes, Ke'Bryan",663647,2023,525,".380","72.3","6.9",6.2,-2.4,28.7
"Tucker, Kyle",663656,2023,674,".412","71.9","7.6",10.9,-8.7,37
"India, Jonathan",663697,2023,529,".374","71.3","7.3",10.3,-5.3,29.9
"Raleigh, Cal",663728,2023,569,".422","75","7.8",16.4,-7.5,31.1
"Fortes, Nick",663743,2023,323,".283","70.3","7.1",4.6,-6.1,23.2
"Grisham, Trent",663757,2023,555,".381","70.5","7.6",17.8,3.2,32.7
"Vierling, Matt",663837,2023,530,".371","71.3","7.5",4.5,1.5,30.4
"Rivas III, Alfonso",663845,2023,123,".350","70.6","6.6",8.9,0.7,40.1
"Stephenson, Tyler",663886,2023,517,".385","70.4","7.5",11.1,1.6,37.6
"Rodgers, Brendan",663898,2023,192,".378","72","7.1",5.4,-1,30.4
"Lowe, Nathaniel",663993,2023,724,".386","74.1","7.4",6.4,10.1,31.4
"Happ, Ian",664023,2023,691,".392","71.8","6.9",9.7,-1,31.7
"France, Ty",664034,2023,665,".367","71.8","7.8",12.9,0.5,35.3
"Lowe, Brandon",664040,2023,436,".415","73.2","7.1",14.8,-4.2,35.9
"Bader, Harrison",664056,2023,344,".321","70.8","7.2",11.3,-8.6,24.4
"Haggerty, Sam",664059,2023,108,".318","69.3","7.2",3.4,-7.2,31.1
"Moore, Dylan",664238,2023,165,".430","72.2","7.3",11.7,-9,34.3
"Straw, Myles",664702,2023,518,".293","66.1","6.7",2.1,4.4,33.8
"Isbel, Kyle",664728,2023,313,".331","71","7.2",5.5,-6.5,22.9
"Bohm, Alec",664761,2023,611,".377","72","7.4",6.9,2.3,31.6
"Wade Jr., LaMonte",664774,2023,519,".382","72.8","7",10.7,-6.8,32.2
"Zavala, Seby",664874,2023,193,".348","68.9","7.2",17.5,-3,40.9
"Brown, Seth",664913,2023,378,".408","73.8","7.3",12,-8.8,32.1
"McCarthy, Jake",664983,2023,312,".319","68.8","6.9",10.9,-3.3,34.6
"Clemens, Kody",665019,2023,148,".341",,,,,
"Walsh, Jared",665120,2023,116,".300","73.3","7.9",17.2,-4.6,32.6
"Maton, Nick",665155,2023,293,".310","69.4","6.4",14.2,-3.2,38.9
"Peña, Jeremy",665161,2023,634,".355","71.7","8",10.8,-2.9,33.3
"Tatis Jr., Fernando",665487,2023,635,".438","73","7.4",11.9,-0.5,30.5
"Guerrero Jr., Vladimir",665489,2023,682,".407","75.5","7.6",1.9,-5.6,27.5
"Soto, Juan",665742,2023,708,".446","74.6","7.3",9.3,4.3,26.6
"Taveras, Leody",665750,2023,554,".379","71.3","7.3",4.5,-2.5,31.5
"Amaya, Miguel",665804,2023,156,".381","73.6","7.4",10.2,-6.6,27.8
"Cabrera, Oswaldo",665828,2023,330,".291","70.2","7.2",11.1,0,32.8
"Valdez, Enmanuel",665839,2023,149,".381","70.4","7.6",12.7,-8,27.4
"Chisholm Jr., Jazz",665862,2023,383,".415","72.9","7.5",15.4,-2.1,36.2
"Ruiz, Esteury",665923,2023,497,".304","70.1","7.4",10.8,-1.8,35.1
"Giménez, Andrés",665926,2023,616,".327","68.8","7",10.6,-1.1,32.3
"Aranda, Jonathan",666018,2023,103,".321","71.3","7.5",10.8,3.1,35.2
"Fermin, Freddy",666023,2023,235,".401","68.8","7.3",11,2.1,38.7
"Jones, Nolan",666134,2023,424,".477","72.4","6.8",6.7,2.3,37.5
"Kirilloff, Alex",666135,2023,319,".403","70.3","7.5",16.6,4,34.2
"Lowe, Josh",666139,2023,501,".433","73.9","7.2",5.8,0.7,35.8
"Fletcher, Dominic",666150,2023,102,".309",,,,,
"Moniak, Mickey",666160,2023,323,".466","72.9","7.7",13.7,-4.6,35.2
"Sabol, Blake",666165,2023,344,".383","71.6","7.4",17.6,1,37.7
"Benson, Will",666181,2023,329,".417","70.3","7.4",13.1,-0.5,34.8
"Bichette, Bo",666182,2023,601,".429","70.1","7.2",4.7,4.3,38.8
"Carlson, Dylan",666185,2023,255,".335","69.9","7",11.1,-1.2,38.1
"Naylor, Bo",666310,2023,230,".342","72.1","7.3",9.5,-0.6,30.8
"Julien, Edouard",666397,2023,408,".443","71.1","6.8",12.9,10.8,44.4
"Morel, Christopher",666624,2023,429,".464","75.7","8",13.9,-6.8,28.6
"Castro, Rodolfo",666801,2023,256,".321","71.9","7.6",13.8,-5.2,37.2
"Alu, Jake",666906,2023,175,".338","67.8","6.7",9.4,-0.8,35.6
"García, Adolis",666969,2023,632,".471","73.7","7.9",12,-1.6,31.2
"Gurriel Jr., Lourdes",666971,2023,592,".367","69.9","7.3",8.6,-1.2,34.9
"Julks, Corey",667452,2023,323,".353","71.4","7",8.2,-4.1,37.3
"Rooker Jr., Brent",667670,2023,526,".472","73.6","7.2",12.8,-4,37.4
"Arozarena, Randy",668227,2023,654,".398","72.9","7.5",10.3,1,25.6
"Pratto, Nick",668472,2023,345,".416","69.7","7.1",13.6,-8.8,41.3
"Rogers, Jake",668670,2023,365,".443","70","7.4",16.8,0.3,31.9
"Bleday, JJ",668709,2023,303,".318","72.5","7.3",16.4,-1.9,34.8
"Steer, Spencer",668715,2023,665,".373","71.5","7.4",10.5,-6,29.7
"Baddoo, Akil",668731,2023,357,".351","72.2","7.6",11.4,1.1,30.6
"Knizner, Andrew",668800,2023,241,".356","71.4","7",9.8,-2.7,25.8
"Reynolds, Bryan",668804,2023,640,".427","70.2","6.9",13.1,0.7,38.5
"Vientos, Mark",668901,2023,233,".414","73.7","7.5",14.7,0.7,33.4
"Lewis, Royce",668904,2023,239,".419","75.2","7.8",10.5,-5.6,25.8
"Turang, Brice",668930,2023,448,".305","68.5","6.5",5.1,0.3,29.4
"Rutschman, Adley",668939,2023,687,".391","70.3","6.9",9.2,1.7,37.6
"Rojas, Josh",668942,2023,350,".324","67.9","7.3",11.8,-2.6,33.3
"Melendez Jr., MJ",669004,2023,602,".411","72.1","7.7",14.3,1.3,32.1
"Marsh, Brandon",669016,2023,472,".411","71.8","7.2",10,3.7,40.7
"Langeliers, Shea",669127,2023,490,".387","74.6","7.2",12.4,-4.3,29.6
"Campusano, Luis",669134,2023,174,".380","68.7","7.6",7.9,-1.2,26.6
"Murphy, Sean",669221,2023,438,".461","74.4","7.8",10.8,-1.6,31.3
"Senzel, Nick",669222,2023,330,".345","69.5","7.6",11.6,-4.6,33.1
"Edman, Tommy",669242,2023,528,".338","70.8","6.9",7.4,-0.6,24.3
"Smith, Will",669257,2023,554,".361","68.6","7.2",8.8,1.6,35.2
"Suwinski, Jack",669261,2023,534,".460","73.7","7.3",11.4,-4.8,34.3
"Espinal, Santiago",669289,2023,254,".305","69.2","7.5",6.7,0.1,32.8
"Miranda, Jose",669304,2023,152,".303",,,,,
"Gorman, Nolan",669357,2023,464,".481","74","7.5",18.9,-2,36.7
"Burger, Jake",669394,2023,540,".469","76","7.7",9.3,-8.4,24.3
"Allen, Nick",669397,2023,329,".270","66.2","6.5",4.9,0.8,27.7
"Schmitt, Casey",669477,2023,277,".339","70.5","7.2",7.6,-3,34
"Smith, Josh",669701,2023,232,".355","69.4","6.4",8.4,0,35.2
"Triolo, Jared",669707,2023,209,".415","69.3","8",12.1,-3.6,39.8
"Hays, Austin",669720,2023,566,".381","71.7","7.1",11.4,-1.4,28.7
"Call, Alex",669743,2023,439,".289","70.2","7.2",11.7,-6,29.5
"Toglia, Michael",669911,2023,152,".341","75.2","7.6",12.5,-4.7,34.4
"Lopez, Nicky",670032,2023,262,".285","65.3","6.7",9.3,10.7,30.1
"Raley, Luke",670042,2023,406,".432","75.7","7.4",14.6,-7.7,28.8
"Short, Zack",670097,2023,253,".351","70.5","7.1",10.4,-3,32.3
"Mastrobuoni, Miles",670156,2023,149,".343","67.8","6.7",10.6,-0.7,34.4
"Wallner, Matt",670242,2023,254,".499","77.5","7.5",13.2,-1,34.2
"Alvarez, Yordan",670541,2023,496,".497","76.7","7.6",10.1,-5.7,34.3
"Paredes, Isaac",670623,2023,571,".322","68.1","8.1",15.7,-17,33
"Walls, Taylor",670764,2023,349,".304","69.3","7.3",14.1,-4.2,32
"Friedl Jr., TJ",670770,2023,556,".296","68.6","6.7",8.4,-9.6,28.5
"Casas, Triston",671213,2023,502,".449","75.8","7.8",13.5,-2.2,38.3
"Waters, Drew",671221,2023,337,".417","73","6.9",14.7,-0.3,42.3
"García, Luis",671277,2023,482,".329","71.2","7.2",10.2,1.1,31.6
"Freeman, Tyler",671289,2023,168,".353","72.3","7.4",3,-1.1,33.3
"Butler, Lawrence",671732,2023,129,".380","74.1","7.2",8.3,-6.2,33.2
"Harris II, Michael",671739,2023,539,".421","73.6","7.9",5.6,0.8,29.4
"Bailey, Patrick",672275,2023,353,".410","70","7.3",10.8,-0.8,33.7
"Kelenic, Jarred",672284,2023,416,".457","72.2","7.1",12.4,-1.1,32
"Arias, Gabriel",672356,2023,345,".418","74.9","7.5",7,4.1,29.3
"Kirk, Alejandro",672386,2023,422,".310","70.1","7.2",5.8,2.1,22.9
"Diaz, Jordan",672478,2023,293,".340","73.2","7.4",7.2,0,26.6
"Moreno, Gabriel",672515,2023,380,".356","70.3","7.1",7.3,7.8,35.3
"Garcia, Maikel",672580,2023,515,".380","69.8","7.1",7.3,8.3,28.6
"Perdomo, Geraldo",672695,2023,495,".258","65.7","6.7",9.5,-1.2,35.8
"Peraza, Oswald",672724,2023,191,".333","71.9","7.4",10.1,-7.7,26.8
"Marcano, Tucupita",672779,2023,220,".321","65.7","7.4",14.6,-0.7,34.6
"Sosa, Lenyn",672820,2023,173,".370","70.8","7.4",9.4,5.6,35.6
"Diaz, Yainer",673237,2023,377,".430","73.7","7.5",11.1,4,30.3
"Robert Jr., Luis",673357,2023,595,".475","75.9","8",11.9,-6.2,35.2
"Kim, Ha-Seong",673490,2023,626,".335","67.7","6.9",6.1,-1.6,25.3
"Suzuki, Seiya",673548,2023,583,".425","72.4","7.1",4.7,1.3,31.5
"Jung, Josh",673962,2023,515,".453","71.2","7",12.4,1.9,38.9
"Smith, Kevin",675656,2023,146,".347","69.4","7.4",7,3.3,30.9
"Williams, Alika",675961,2023,112,".304","69.2","6.9",9.3,-1.9,36.4
"Westburg, Jordan",676059,2023,228,".387","70.2","6.9",11.3,-3,31.3
"Noda, Ryan",676116,2023,495,".440","72.2","7.3",15,-1.1,35
"Velázquez, Nelson",676369,2023,179,".498","72.9","7.5",14.8,-6.9,32.3
"Burleson, Alec",676475,2023,347,".359","70.4","7.6",10.5,0,32.2
"Barrero, José",676480,2023,149,".344",,,,,
"Caballero, José",676609,2023,280,".304","69.3","6.7",9.4,-4.9,33.8
"Meyers, Jake",676694,2023,341,".337","69.2","7.1",11.6,-6.8,31.2
"Trejo, Alan",676701,2023,227,".320","67.8","7",12.3,0.6,37
"McCormick, Chas",676801,2023,457,".415","71","7.4",18.7,6.7,38.6
"Schneider, Davis",676914,2023,141,".446","69.3","6.9",17.3,-1.4,34.2
"Batten, Matthew",676946,2023,139,".274","68.8","7",2.1,-2.4,22.9
"Franco, Wander",677551,2023,491,".393","71.8","6.8",7.7,4.8,31.2
"Pereira, Everson",677592,2023,103,".392","73.5","7.7",13.7,-0.6,29.9
"Rodríguez, Julio",677594,2023,714,".431","77.2","8",7.8,-4.6,33.4
"Mauricio, Ronny",677595,2023,108,".368","74.7","7.7",7.9,-8,26
"Duran, Ezequiel",677649,2023,439,".414","73.4","7.4",8,1,27.4
"Thomas, Alek",677950,2023,402,".346","70","6.8",7.9,0.4,27.9
"Witt Jr., Bobby",677951,2023,694,".427","75.1","7",5.9,-0.6,30.8
"Meadows, Parker",678009,2023,145,".384","70.1","7.3",7.6,-3.7,32.4
"Bae, Ji Hwan",678225,2023,371,".307","67.1","6.7",1.1,10.7,32.3
"Vargas, Miguel",678246,2023,304,".315",,,,,
"Tovar, Ezequiel",678662,2023,615,".378","71.9","7.5",9.2,-2.7,37.5
"Peguero, Liover",678894,2023,213,".368","73.1","7.3",4.7,-5.5,27.4
"Rojas, Johan",679032,2023,164,".336","70.2","7.3",6.3,-1.4,23.7
"Torkelson, Spencer",679529,2023,684,".428","75","7.6",11,-8.3,31.5
"Blanco, Dairon",680118,2023,138,".362","74.4","7.5",9.8,1.1,33.6
"McLain, Matt",680574,2023,403,".429","70.3","7",13.7,0.6,33.3
"Palacios, Richie",680700,2023,102,".312","66.7","6.8",7.1,-1.3,25.5
"Kwan, Steven",680757,2023,718,".311","64.1","6.4",2,0.1,34.9
"Duran, Jarren",680776,2023,362,".397","73.4","7.7",5,0.6,31.5
"Jeffers, Ryan",680777,2023,335,".413","73.8","7.7",11.8,-3.7,31.7
"Davis, Henry",680779,2023,255,".348","73.1","7.2",10.5,-13.6,26.8
"Gelof, Zack",680869,2023,300,".424","71.5","7.1",16,4.7,34.8
"Miller, Owen",680911,2023,314,".332","69.2","6.6",10,-1.2,33.1
"Donovan, Brendan",680977,2023,371,".371","69.6","6.8",5.4,4.6,30.9
"Stott, Bryson",681082,2023,640,".336","67.9","7",6.2,6.6,32.2
"Bride, Jonah",681146,2023,106,".341","69.4","7.3",14.5,-2.3,31.5
"O'Hoppe, Logan",681351,2023,199,".427","69.9","7.4",16.2,-8.6,31.6
"Carpenter, Kerry",681481,2023,459,".419","70.6","7.4",15.4,3.5,34.3
"Outman, James",681546,2023,567,".420","73.4","7.8",11.3,-2.4,35.3
"Villar, David",681584,2023,140,".404","69.5","7.4",18.4,3.7,36.8
"Fry, David",681807,2023,113,".408","70.8","7.8",13.9,-6.5,32.6
"Marte, Noelvi",682622,2023,123,".399","74.1","7.3",6.8,-2.7,30.4
"Alvarez, Francisco",682626,2023,423,".370","74.5","7.4",8.5,-2.7,29.1
"Matos, Luis",682641,2023,253,".308","72.2","7.1",2,-1.4,24.5
"De La Cruz, Elly",682829,2023,427,".428","76.7","7.5",6.3,1.7,36.4
"Rodríguez, Endy",682848,2023,204,".349","69.9","7.2",10.3,-5.2,33.1
"Abrams, CJ",682928,2023,614,".345","71.5","7.3",9.9,0.4,28.4
"Greene, Riley",682985,2023,416,".477","75.5","7.2",12.5,3,43.2
"Carroll, Corbin",682998,2023,645,".386","73.2","6.8",5.5,1.9,26.2
"Henderson, Gunnar",683002,2023,622,".431","75.4","7.2",10.1,2.9,33
"Volpe, Anthony",683011,2023,601,".385","70.9","7.1",12.5,-2.1,33.7
"Baty, Brett",683146,2023,389,".382","75.8","7.7",9.2,1.2,37.7
"Vaughn, Andrew",683734,2023,615,".371","70.2","7.6",9.7,-5.3,29.4
"Frelick, Sal",686217,2023,223,".291","67.1","7",6.2,1,27.2
"Pasquantino, Vinnie",686469,2023,260,".360",,,,,
"Canzone, Dominic",686527,2023,182,".376","70.9","7.2",17.6,-2.6,35.3
"Doyle, Brenton",686668,2023,431,".369","71.2","7.2",14.3,3.4,32.6
"Massey, Michael",686681,2023,461,".381","70.8","7.2",12.2,-5.7,33.6
"Brennan, Will",686823,2023,455,".331","68.2","6.9",2.5,4.4,33.3
"Wiemer Jr., Joey",686894,2023,410,".354","71.7","7.4",9.8,-8.4,23.6
"Neto, Zach",687263,2023,329,".357","69.3","7.2",17.9,-3.9,36
"Marlowe, Cade",687799,2023,100,".346","68.7","6.7",16,-3.6,41.5
"Encarnacion-Strand, Christian",687952,2023,241,".457","73.4","7.3",14.3,-1.2,36.4
"Wisely, Brett",689172,2023,131,".305","69.3","6.8",15.2,-2.9,39.3
"Soderstrom, Tyler",691016,2023,138,".359","73","7.6",12.8,-1.3,31.4
"Walker, Jordan",691023,2023,465,".390","74.9","7.8",5.3,-7.8,36.6
"Winn, Masyn",691026,2023,137,".271","68.7","7.3",6.4,0.3,31
"Colás, Oscar",693049,2023,263,".339","75.5","7.7",7.5,-3.9,33.3
"Gonzales, Nick",693304,2023,128,".316","68.7","7.2",17.2,0,42.6
"Schanuel, Nolan",694384,2023,132,".333","64.9","6.5",9.6,2.8,38.6
"Young, Jacob",696285,2023,121,".296","68","7.1",9.6,4.8,32.4
"Yoshida, Masataka",807799,2023,580,".350","71.4","7.4",5.9,0.5,31
"Peralta, David",444482,2024,260,".356","71.4","7.2",5.9,-1.8,31
"Blackmon, Charlie",453568,2024,499,".328","67.4","7.1",9.6,-5.8,31.1
"Maldonado, Martín",455117,2024,147,".307","70.9","7.6",15,-7.6,30.4
"Solano, Donovan",456781,2024,309,".354","67.1","7",8.6,-1.5,35
"McCutchen, Andrew",457705,2024,515,".391","72.7","7.6",12.7,-0.2,33.4
"Turner, Justin",457759,2024,539,".343","65.1","6.3",9.3,-0.4,34.5
"Santana, Carlos",467793,2024,594,".348","71.8","7.6",11.8,-5,27.1
"Rojas, Miguel",500743,2024,337,".312","67.9","7",3.9,-4.5,31.1
"Pham, Tommy",502054,2024,478,".379","72.6","6.9",7.6,3.2,27.8
"Martinez, J.D.",502110,2024,495,".456","73","8.4",12.5,-0.1,38.7
"Goldschmidt, Paul",502671,2024,654,".423","72.5","7.8",11,2,32
"Altuve, Jose",514888,2024,682,".352","69.4","7.8",16.5,-4.1,30.2
"Marte, Starling",516782,2024,370,".403","72.4","7.3",8.3,1.4,36
"d'Arnaud, Travis",518595,2024,341,".402","71.4","7.8",12.8,1.1,32.3
"Freeman, Freddie",518692,2024,638,".387","69.8","6.8",7.9,1.4,42.5
"Grandal, Yasmani",518735,2024,243,".362","70.3","7.4",10.4,0.1,26.5
"Heyward, Jason",518792,2024,258,".322","73.2","8.2",11.2,-8.5,27.3
"LeMahieu, DJ",518934,2024,228,".315","67.3","7.1",6.3,8.7,27.6
"Rizzo, Anthony",519203,2024,375,".314","68.5","6.8",9.4,-4.7,33.3
"Stanton, Giancarlo",519317,2024,459,".489","81.2","8.6",8.7,-2.7,26.2
"Perez, Salvador",521692,2024,652,".427","73.2","7.9",13.8,-6.9,34.8
"Flores, Wilmer",527038,2024,242,".287","66","6.9",10.7,-6.1,31.7
"Bethancourt, Christian",542194,2024,147,".335","71.9","7.5",10.1,-4.5,26.8
"Ozuna, Marcell",542303,2024,688,".508","74","7.4",15.4,-2.6,36.5
"Grossman, Robbie",543257,2024,245,".311","67.5","6.5",12.1,-4,35.1
"Higashioka, Kyle",543309,2024,263,".391","71.8","7.3",13.2,-9.3,32.3
"McCann, James",543510,2024,233,".387","70.7","6.9",10,-1.1,38.5
"Rendon, Anthony",543685,2024,238,".278","68.3","6.7",8.3,-3.1,33.4
"Semien, Marcus",543760,2024,718,".328","68.3","7.7",13.3,-6.7,32
"Springer III, George",543807,2024,614,".351","71.9","7.4",10.8,1,33.8
"Vázquez, Christian",543877,2024,315,".317","68.3","7",10.4,-2.6,27.8
"Vargas, Ildemaro",545121,2024,303,".280","69.6","7.2",3.7,-1.3,24.1
"Grichuk, Randal",545341,2024,279,".401","73.7","7.7",9.2,-8.3,28.3
"Trout, Mike",545361,2024,126,".483","75.7","7.6",8.3,-2.4,37.2
"Harper, Bryce",547180,2024,631,".423","74","7.3",11.4,-1.1,36.1
"Abreu, José",547989,2024,120,".227","73.1","7.1",3.8,4.3,31.9
"Díaz, Elias",553869,2024,351,".319","73.9","7",5,-3,28.6
"Suárez, Eugenio",553993,2024,640,".421","72.2","7.8",17.5,-3.8,38.6
"Urshela, Gio",570482,2024,461,".337","68.2","7.1",9.2,5.1,35
"Arenado, Nolan",571448,2024,635,".313","70.7","8.2",11.3,-7.4,33.3
"Farmer, Kyle",571657,2024,242,".322","66.7","6.8",12.3,-2.6,31.3
"Haniger, Mitch",571745,2024,423,".371","72.9","7.1",14.7,-0.8,32.4
"Hernández, Enrique",571771,2024,393,".324","71.7","7.4",7.6,-1.9,28.3
"Maile, Luke",571912,2024,154,".298","67.7","6.7",14.5,-2.7,34.1
"Muncy, Max",571970,2024,293,".414","71.3","7.2",18.2,-4.9,35
"Singleton, Jon",572138,2024,405,".378","72.1","7.1",11,-11.5,30
"Taylor, Michael A.",572191,2024,300,".382","74","7.2",14.3,0.1,31.3
"Walker, Christian",572233,2024,552,".424","75","7.5",8.7,-3.7,30.3
"Carpenter, Matt",572761,2024,157,".377","69.3","8.1",16.2,-4,37.6
"Yastrzemski, Mike",573262,2024,474,".369","70.9","7.6",12.4,-1.6,31.2
"Contreras, Willson",575929,2024,358,".447","75.9","7.9",9.9,-1.6,31.5
"Iglesias, Jose",578428,2024,291,".334","69.8","6.8",5.5,-1.5,31.8
"Bryant, Kris",592178,2024,155,".352","69.5","7.9",16.1,-4,37.8
"Canha, Mark",592192,2024,462,".296","68.4","7.2",10.9,1.4,31.8
"Casali, Curt",592200,2024,125,".258","66.8","7.3",12.3,-4.8,34.7
"Castellanos, Nick",592206,2024,659,".395","71.9","7.6",12.7,-5.2,38.9
"Drury, Brandon",592273,2024,360,".288","72.6","7.4",8,2.8,31.6
"Judge, Aaron",592450,2024,704,".623","77.1","8.2",14.4,-4.5,39.8
"Machado, Manny",592518,2024,643,".397","75.2","7.8",6.8,-0.2,25.6
"Pederson, Joc",592626,2024,449,".439","73.4","7.7",10,-5.1,31.3
"Realmuto, J.T.",592663,2024,413,".424","73.2","7.6",13.2,1.6,35.2
"Renfroe, Hunter",592669,2024,424,".322","75.2","7.6",9.1,-9.9,25.7
"Rosario, Eddie",592696,2024,319,".315","70.3","7.2",12.4,-1.3,31.8
"Yelich, Christian",592885,2024,315,".416","73.2","7.5",10.5,2.7,35.2
"Merrifield, Whit",593160,2024,335,".296","63.4","6.9",10.1,0.1,35.1
"Bogaerts, Xander",593428,2024,463,".342","70.7","7.2",10.2,-2.8,31.6
"Polanco, Jorge",593871,2024,468,".395","69.7","7.2",13.7,-7.5,36.9
"Duvall, Adam",594807,2024,330,".368","72.4","7.6",15.6,-9.9,31.9
"Kiermaier, Kevin",595281,2024,281,".310","70.4","7.1",5.5,-0.7,30.7
"Profar, Jurickson",595777,2024,668,".379","71.7","7.3",8.9,-3,32.5
"Báez, Javier",595879,2024,289,".326","74.8","8.6",11.3,-6.7,30.5
"Cave, Jake",595909,2024,346,".364","69.5","7",11.5,3.4,35.8
"Hedges, Austin",595978,2024,146,".208","69.8","7.4",14,-7.7,28.4
"Lindor, Francisco",596019,2024,689,".433","72.4","7.6",13,-1.5,34.2
"Slater, Austin",596103,2024,212,".353","71.9","6.8",11.9,9.1,38.8
"Story, Trevor",596115,2024,106,".322","68.8","7.2",9.1,-1.3,29.5
"Stubbs, Garrett",596117,2024,187,".270","66.6","7.1",11.1,-8.5,28.3
"Sánchez, Gary",596142,2024,280,".374","73.1","7.4",11.8,-7.2,30
"Kepler, Max",596146,2024,399,".348","71.4","7.5",7.1,-8.8,31.1
"Candelario, Jeimer",600869,2024,463,".340","68.4","7.8",13.9,-5.6,34.5
"Urías, Ramón",602104,2024,301,".363","70.5","7.5",11,3.1,24.9
"Ahmed, Nick",605113,2024,228,".309","67.9","7.3",13.9,-2.8,28.6
"Barnes, Austin",605131,2024,156,".306","68.2","6.4",4.5,1.1,26.6
"Bell, Josh",605137,2024,603,".343","70.4","7.9",9.2,1.3,35.2
"Betts, Mookie",605141,2024,516,".357","69","6.9",8.9,-4.2,34
"Caratini, Victor",605170,2024,274,".362","71.9","7",9.4,-1.1,35.8
"Davis, J.D.",605204,2024,157,".331","72.5","7.3",7.3,11.5,31.4
"Martini, Nick",605361,2024,163,".322","69.8","6.9",11.3,-2.7,29.6
"Arcia, Orlando",606115,2024,602,".297","70.9","7.9",8.4,-3,25.4
"Hernández, Teoscar",606192,2024,652,".458","73.2","7.8",9.1,0.9,32.7
"Marte, Ketel",606466,2024,583,".447","73.7","7.6",9.1,-4.9,33.7
"Nimmo, Brandon",607043,2024,663,".386","73.3","7.3",6.6,-0.3,29.2
"Turner, Trea",607208,2024,539,".364","71.6","7.6",11,-5.4,29
"Pillar, Kevin",607680,2024,314,".312","69.4","7.6",11.5,-8.4,32.5
"Stallings, Jacob",607732,2024,281,".360","67.6","7.2",12.5,-0.2,32.2
"Ramírez, José",608070,2024,682,".350","71.6","7.3",9.9,-9.6,30.7
"Bregman, Alex",608324,2024,634,".338","71.3","7",12.2,-2.9,28.5
"Gallo, Joey",608336,2024,260,".404","72.4","7.3",16.9,-11.5,31.6
"Kelly, Carson",608348,2024,313,".339","69.5","6.9",12.2,-2.5,33
"Seager, Corey",608369,2024,533,".449","72.3","6.6",12.3,-0.7,34
"Winker, Jesse",608385,2024,508,".357","69.5","7.3",12.2,7.6,35.3
"Jankowski, Travis",608671,2024,207,".261","67","6.5",-1.1,-6.2,35.1
"Refsnyder, Rob",608701,2024,307,".399","72.8","7.6",12.1,2.5,33.2
"Meneses, Joey",608841,2024,313,".305","70.4","7",8.2,-0.9,33.1
"Andujar, Miguel",609280,2024,319,".301","71.6","7.6",5.8,-3,25.7
"Torrens, Luis",620443,2024,130,".371","71.4","7.3",11.4,0.3,29.8
"Swanson, Dansby",621020,2024,593,".388","71.7","7.4",14.8,0.2,35.2
"Newman, Kevin",621028,2024,311,".301","67.6","6.7",5.8,-0.1,32.3
"Taylor, Chris",621035,2024,246,".374","70","7.2",11.9,1.1,39.3
"Correa, Carlos",621043,2024,367,".387","74.5","7.3",7,-1.8,30.6
"Taylor, Tyrone",621438,2024,345,".364","70.5","7.6",11.1,-7,35.4
"Buxton, Byron",621439,2024,388,".448","74.3","8.1",14.3,-10.1,34
"Stewart, DJ",621466,2024,194,".352","71.5","7.1",10.2,-3.1,25.4
"Ward, Taylor",621493,2024,663,".419","69.8","7.1",9.4,0,31.4
"Nido, Tomás",621512,2024,140,".363","70.8","8",15.4,2.6,32.7
"Wisdom, Patrick",621550,2024,174,".402","75.4","7.9",14.3,-7.3,31.1
"Olson, Matt",621566,2024,685,".414","73.8","7.3",8.4,-1.6,34.1
"Margot, Manuel",622534,2024,343,".336","72","7.3",6.2,-1.1,27.8
"Mateo, Jorge",622761,2024,208,".328","72.5","7.8",5.9,-6.4,30
"Ramírez, Harold",623912,2024,246,".302","71.7","7.3",0.8,1.2,35.3
"Santander, Anthony",623993,2024,665,".364","73.1","7.2",7.7,-7.2,26.5
"Alonso, Pete",624413,2024,695,".414","75.2","7.3",9.8,-2.9,31.7
"Biggio, Cavan",624415,2024,224,".293","66.9","6.9",11.3,-3.9,37.2
"Conforto, Michael",624424,2024,488,".430","74.1","7.4",12.4,-0.4,32
"Frazier, Adam",624428,2024,294,".311","66.5","6.9",10.5,-0.8,37.5
"Trevino, Jose",624431,2024,234,".276","68.9","7",8.2,-1.7,21.9
"Gordon, Nick",624503,2024,275,".327","68.2","7.3",9.6,2.5,33.9
"McGuire, Reese",624512,2024,158,".330","68.8","8.1",10.7,-2.7,30.5
"Soler, Jorge",624585,2024,574,".412","75.4","7.9",11,-9.6,33.5
"Sosa, Edmundo",624641,2024,274,".369","73.1","8.3",11.3,-3.4,34.6
"Ibáñez, Andy",628451,2024,244,".324","70.1","7.3",7.9,-5.2,28.2
"Cronenworth, Jake",630105,2024,656,".365","69.5","7.1",6.4,0.8,33.3
"Anderson, Tim",641313,2024,241,".305","69.7","7.2",9.9,8.9,39.9
"Bauers, Jake",641343,2024,346,".404","73.8","7.5",13.7,-4.5,35.7
"Bellinger, Cody",641355,2024,569,".326","69","7.6",13.2,-3.1,32.6
"Calhoun, Willie",641432,2024,254,".308","69.9","6.7",3.7,-3.6,23.2
"Crawford, J.P.",641487,2024,451,".341","71.9","7.3",7.8,-1.5,36.8
"Fraley, Jake",641584,2024,382,".313","71.8","7.1",8.3,-6.6,38.2
"Garver, Mitch",641598,2024,430,".343","71.2","7.3",14.3,-8,29.4
"Guillorme, Luis",641645,2024,187,".284","64.9","7.5",5.2,14.6,34.7
"Hampson, Garrett",641658,2024,231,".296","69","7",10.5,-2.5,31.6
"Heim, Jonah",641680,2024,491,".311","70.3","7.4",11.5,0.1,28.8
"McMahon, Ryan",641857,2024,645,".417","72.5","7.2",8.8,4.5,38.1
"O'Neill, Tyler",641933,2024,473,".475","75.2","7.6",17.6,-7.1,34.1
"Smith, Dominic",642086,2024,307,".355","68.8","7",15.4,-1.8,35.1
"Tellez, Rowdy",642133,2024,421,".349","74.4","8",5.3,-7.3,28.9
"Thaiss, Matt",642136,2024,186,".349","72.4","7.8",10.7,3.2,31.2
"Wade, Tyler",642180,2024,156,".306","66.2","6.7",7.3,-0.7,33.3
"Siri, Jose",642350,2024,448,".446","72.5","7.8",12.9,1,33
"Rosario, Amed",642708,2024,346,".337","71.2","7.3",5.7,0.3,27.4
"Adames, Willy",642715,2024,688,".415","73.6","8.1",15.5,-0.8,33.7
"Estrada, Thairo",642731,2024,381,".309","71","7.2",11.1,-4.8,30.3
"Benintendi, Andrew",643217,2024,522,".337","68","6.7",13.5,-0.4,34
"Cooper, Garrett",643265,2024,116,".431","72.9","7.8",10.3,1,42.1
"Dubón, Mauricio",643289,2024,428,".293","69.4","7.6",5.1,1.8,31
"Jansen, Danny",643376,2024,324,".291","69","6.9",13.2,-6.9,28.9
"Kiner-Falefa, Isiah",643396,2024,496,".312","67","6.8",6.6,0.5,31.3
"McNeil, Jeff",643446,2024,472,".294","68.8","7.2",8.2,-5.1,33
"Tauchman, Mike",643565,2024,350,".346","69.3","7",6.7,2.5,34.2
"Albies, Ozzie",645277,2024,435,".323","69.1","7.2",12.9,-5.4,33.8
"Robles, Victor",645302,2024,295,".352","68.3","6.9",14.6,-6.3,34.1
"Herrera, Jose",645444,2024,114,".289","66.5","7",8.9,-6.9,34.6
"Devers, Rafael",646240,2024,601,".455","72.5","7.4",8.3,7.3,28.4
"Naylor, Josh",647304,2024,633,".366","72.9","7.6",8.7,-8.7,29.1
"Toro, Abraham",647351,2024,364,".322","69.6","7.6",9.7,-2.9,31.9
"Urías, Luis",649966,2024,109,".402","68.3","7.7",17.7,-5.4,30.2
"Arraez, Luis",650333,2024,672,".323","63.1","6",7.6,4.2,38.3
"Jiménez, Eloy",650391,2024,349,".347","73.9","7.2",5.5,-3,25.1
"Torres, Gleyber",650402,2024,665,".341","70.1","7.2",8.4,5.2,34.5
"Castro, Willi",650489,2024,635,".371","70.6","7.1",9.1,-5.9,37.1
"Díaz, Yandy",650490,2024,621,".363","73.3","7.5",3.2,6.9,25.4
"De La Cruz, Bryan",650559,2024,622,".396","71.8","7.7",13.4,1.1,38.1
"Rengifo, Luis",650859,2024,304,".316","69.7","7.2",9.5,0.8,33.4
"Monasterio, Andruw",655316,2024,142,".349","69.1","6.7",7.8,0.8,34.6
"Adams, Riley",656180,2024,130,".349","75.5","8.1",8.7,-2.1,36.4
"Bouchard, Sean",656248,2024,108,".299","71.1","7.3",12.9,-0.7,37.3
"Chapman, Matt",656305,2024,647,".414","76.6","7.5",6.2,-2.8,26.4
"Fairchild, Stuart",656413,2024,233,".354","70.3","7.4",14.6,-10.5,33.4
"Hill, Derek",656537,2024,172,".421","70.4","7.3",15.5,2.7,36.4
"Hilliard, Sam",656541,2024,158,".436","75.3","7.3",9.7,-1,27.3
"Hoskins, Rhys",656555,2024,517,".372","71.2","8.1",15.7,-5.6,32.7
"Jackson, Alex",656577,2024,155,".283","74.4","7.5",10.6,-5.1,30.2
"Joe, Connor",656582,2024,416,".295","72.1","7.4",8.5,-8.7,30.8
"McKinstry, Zach",656716,2024,325,".337","67.2","6.7",12.5,-0.4,38
"Mullins II, Cedric",656775,2024,499,".320","71","7.5",10.5,-3.7,29.3
"O'Hearn, Ryan",656811,2024,494,".374","72.4","7.1",9,0.3,31.5
"Rivera, Emmanuel",656896,2024,302,".369","69.6","6.9",6.8,-0.1,33.9
"Schwarber, Kyle",656941,2024,692,".489","77.5","7.7",13.1,-4.5,29.3
"Smith, Pavin",656976,2024,158,".459","73","7.4",11.3,-3.7,31.3
"Thomas, Lane",657041,2024,528,".374","71.7","6.8",9,-2.6,29.3
"Verdugo, Alex",657077,2024,621,".320","68.3","6.3",5.6,0.4,31.3
"Wong, Connor",657136,2024,487,".342","72","7.3",12.5,-1.3,33.2
"DeJong, Paul",657557,2024,482,".401","72","6.9",16,-1.7,35
"Laureano, Ramón",657656,2024,309,".423","72.7","7.2",17.1,-1.9,36.8
"Sheets, Gavin",657757,2024,501,".353","72.7","7.6",6.9,-6.3,29.4
"Olivares, Edward",658668,2024,196,".374","71.8","7.3",8.4,-2.2,27.4
"Ohtani, Shohei",660271,2024,731,".551","76.3","7.7",11.3,-1.7,35.1
"Bruján, Vidal",660644,2024,278,".277","66.9","7",7.4,-0.9,31.3
"Acuña Jr., Ronald",660670,2024,222,".410","76.8","7.6",10.7,4.6,34.9
"Ruiz, Keibert",660688,2024,485,".294","66.4","7.1",9.9,-12.5,32.3
"Montero, Elehuris",660707,2024,247,".308","75.1","7.6",7.6,-15.2,34.4
"Yepez, Juan",660766,2024,249,".322","70.5","7.3",7.6,-1.7,30.6
"Sánchez, Jesús",660821,2024,537,".437","75.2","7.1",7.9,2.5,30.7
"Contreras, William",661388,2024,679,".411","74.7","7.3",10,1.4,28.2
"Varsho, Daulton",662139,2024,513,".304","73.7","7.6",12.7,-3.6,32.6
"Perkins, Blake",663368,2024,434,".316","69.4","7.3",8.2,3.2,30.8
"Nootbaar, Lars",663457,2024,405,".395","72.6","6.8",8.2,0.2,29.9
"Nevin, Tyler",663527,2024,278,".335","68.4","7",9.8,2.2,34.9
"Hoerner, Nico",663538,2024,641,".313","68.2","7.1",4.9,-1.4,32.7
"Riley, Austin",663586,2024,469,".455","75.2","7.5",9.4,-3.5,32.6
"Larnach, Trevor",663616,2024,400,".402","72.8","7.4",11,-7.8,40
"Mountcastle, Ryan",663624,2024,507,".408","75.1","7.5",4.7,1.5,37.4
"Hayes, Ke'Bryan",663647,2024,396,".313","72.1","6.9",2,2.9,25.7
"Tucker, Kyle",663656,2024,339,".427","72.2","7.5",10.5,-5.9,36
"Cameron, Daz",663662,2024,186,".354","72.9","6.8",1.8,-6.2,33.3
"India, Jonathan",663697,2024,637,".380","71.7","7.2",8.1,-0.9,29.4
"Bart, Joey",663698,2024,282,".408","74.8","7.5",11.3,-4.4,35.6
"Raleigh, Cal",663728,2024,628,".442","74.5","7.8",16.8,-7.8,32.3
"Fortes, Nick",663743,2024,335,".257","71.3","7.1",2.1,-5.3,20.3
"Grisham, Trent",663757,2024,209,".362","70.4","7.7",16.2,-1.3,29.9
"Vierling, Matt",663837,2024,567,".362","71.1","7.4",6.5,0.9,29.6
"Gonzalez, Romy",663853,2024,216,".404","74.1","7",8,4.6,27.6
"Stephenson, Tyler",663886,2024,515,".373","70.8","7.4",11,1.9,36.7
"Rodgers, Brendan",663898,2024,539,".364","71.7","7.1",5,-2.3,31.9
"Lowe, Nathaniel",663993,2024,565,".368","73.3","7.3",6.9,7.6,30.1
"Happ, Ian",664023,2024,657,".416","72.4","7",9.7,-3.9,32.6
"France, Ty",664034,2024,535,".343","71","7.6",13.9,5.3,34.6
"Lowe, Brandon",664040,2024,425,".437","73.4","7.1",15.1,-3.6,34.7
"Bader, Harrison",664056,2024,437,".348","71.2","7.1",11.3,-5.5,25.1
"Moore, Dylan",664238,2024,441,".338","73","7.1",9.5,-8.4,31.4
"Florial, Estevan",664314,2024,111,".331","73","7.1",12.4,-3.2,34.5
"Isbel, Kyle",664728,2024,426,".320","70.7","7.1",3.8,-4.1,25.3
"Bohm, Alec",664761,2024,606,".372","72.2","7.4",6.4,2.6,30.8
"Wade Jr., LaMonte",664774,2024,401,".401","72.4","6.8",9.3,-1.2,32.2
"Mendick, Danny",664901,2024,141,".313","66.9","7",12.9,3.6,29.6
"Brown, Seth",664913,2024,400,".379","73.3","7.2",10,-6.7,32.7
"McCarthy, Jake",664983,2024,495,".331","67.3","6.7",8.8,1.3,34.7
"Clemens, Kody",665019,2024,120,".306","70.5","7.3",11.9,-0.9,30
"Peña, Jeremy",665161,2024,650,".349","72.6","7.6",8.6,-5,28.9
"Tatis Jr., Fernando",665487,2024,438,".470","74.7","7.3",10.4,1.5,31.4
"Guerrero Jr., Vladimir",665489,2024,697,".448","75.9","7.7",3.2,-0.4,28.6
"Pache, Cristian",665506,2024,183,".334","71.7","7.4",9.9,0,31
"Soto, Juan",665742,2024,713,".517","75.4","7.3",12.2,2.5,27.1
"Taveras, Leody",665750,2024,529,".340","71.3","7.5",7,-5.2,32.4
"Amaya, Miguel",665804,2024,363,".329","72.9","7.2",8.1,-4.3,31.5
"Cabrera, Oswaldo",665828,2024,326,".322","68.3","7",6.4,-2.2,31.1
"Cruz, Oneil",665833,2024,599,".462","78.5","7.7",8.4,-6.7,32.9
"Valdez, Enmanuel",665839,2024,223,".368","70.4","7.5",10.8,-5.2,28.8
"Chisholm Jr., Jazz",665862,2024,621,".386","71.9","7.5",14.1,-2.1,34.9
"Giménez, Andrés",665926,2024,633,".322","68.3","7",10.1,0.6,31.9
"Chaparro, Andrés",665953,2024,132,".330","72.4","7.1",8.4,-9.5,33
"Aranda, Jonathan",666018,2024,143,".434","70.1","7.3",11.7,3.2,35
"Fermin, Freddy",666023,2024,368,".310","70.8","7.5",10.5,-5.7,34.8
"Jones, Nolan",666134,2024,297,".358","70.7","6.7",5.6,4,37
"Kirilloff, Alex",666135,2024,178,".384","72.4","7.8",15.6,2.8,33.6
"Lowe, Josh",666139,2024,387,".403","73.3","7.2",10,-0.7,36.9
"Fitzgerald, Tyler",666149,2024,341,".395","70.5","7.4",17.7,-4.5,38.1
"Fletcher, Dominic",666150,2024,241,".294","66.7","6.5",2,4,27.2
"Hamilton, David",666152,2024,317,".342","68.9","7.2",8.9,-5.4,32.1
"Lux, Gavin",666158,2024,487,".367","71.2","7.3",10.1,3.8,33.2
"Moniak, Mickey",666160,2024,418,".361","73.1","7.7",12.5,-3.5,33.9
"Rortvedt, Ben",666163,2024,328,".303","69.7","7.1",10.9,0.3,29.2
"Adell, Jo",666176,2024,451,".397","76.7","7.6",4.9,-4,32.8
"Benson, Will",666181,2024,388,".392","72.1","7.9",16,-6.8,33.6
"Bichette, Bo",666182,2024,336,".342","70.4","7.3",3.3,-0.2,38
"Carlson, Dylan",666185,2024,265,".292","68.5","7.1",11.8,-2.2,36.9
"Naylor, Bo",666310,2024,389,".340","70.6","7.4",12.6,-5.2,30.5
"Julien, Edouard",666397,2024,301,".379","71.9","7.1",16.6,8.9,44.2
"Encarnacion, Jerar",666464,2024,119,".482","77","7.8",8.8,4.2,36
"Morel, Christopher",666624,2024,611,".381","76.1","8",13.1,-5.8,27.3
"García, Adolis",666969,2024,637,".393","72","7.9",10.5,-2.6,29.3
"Gurriel Jr., Lourdes",666971,2024,553,".365","70.6","7.5",8.5,-4.1,35.8
"Julks, Corey",667452,2024,189,".321","70.7","7",9.1,-4,34.3
"Myers, Dane",667472,2024,108,".435","71.2","7.2",8.5,5.3,30.5
"Rooker Jr., Brent",667670,2024,614,".510","73.7","7.1",11.7,-5.6,35.7
"Arozarena, Randy",668227,2024,648,".370","72.7","7.4",9.4,-2.1,24.8
"Rogers, Jake",668670,2024,337,".391","70.7","7.3",18.6,0.4,33.1
"Bleday, JJ",668709,2024,642,".349","71.7","7.3",10.6,-8.3,29.5
"Steer, Spencer",668715,2024,656,".345","71.6","7.4",9.3,-5.6,28.7
"Reynolds, Bryan",668804,2024,692,".420","71.6","6.8",12.7,0.4,38
"McCann, Kyle",668832,2024,157,".392","73.6","7.8",18.2,-2.9,33.5
"Martin, Austin",668885,2024,257,".325","66.9","6.9",9.9,-5.4,39.9
"Vientos, Mark",668901,2024,454,".444","71.8","7.6",15.5,1.3,32.2
"Lewis, Royce",668904,2024,325,".380","73.3","7.7",8,-5.1,28.1
"Turang, Brice",668930,2024,619,".322","66.2","6.1",1.1,6.1,30.3
"Rutschman, Adley",668939,2024,638,".339","69.1","6.9",10.4,-2.6,36.4
"Rojas, Josh",668942,2024,476,".333","66.6","7.3",13,-0.5,33.5
"Mitchell, Garrett",669003,2024,224,".411","75.7","7.4",10.7,4.3,33.6
"Melendez Jr., MJ",669004,2024,451,".391","72.8","7.7",9.8,-3.6,29.1
"Marsh, Brandon",669016,2024,476,".439","71.9","7.2",10.2,0.7,39.8
"Stowers, Kyle",669065,2024,209,".413","73.7","6.8",9.5,1.8,35
"Langeliers, Shea",669127,2024,534,".419","74.1","7.3",12.3,-5.7,29.5
"Campusano, Luis",669134,2024,299,".303","69.2","7.6",7.2,-0.1,25.7
"Murphy, Sean",669221,2024,264,".364","73.3","7.9",12.1,-3.9,31.7
"Senzel, Nick",669222,2024,267,".339","68.8","7.5",9.9,-0.9,32.5
"Wells, Austin",669224,2024,414,".380","72.4","7.4",10.9,-2.3,34.5
"Malloy, Justyn-Henry",669234,2024,230,".365","69","7",17.9,-2,41.2
"Edman, Tommy",669242,2024,153,".292","69.8","6.9",8.5,0.1,26.9
"Smith, Will",669257,2024,544,".372","67.9","7.2",13.2,0.4,34.6
"Suwinski, Jack",669261,2024,277,".367","73.3","7.3",8.3,-3.7,32.9
"Espinal, Santiago",669289,2024,391,".306","66.5","7.3",8.2,0.6,34.8
"Miranda, Jose",669304,2024,429,".339","71","7.6",11.7,-6,25.9
"Gorman, Nolan",669357,2024,402,".460","73.2","7.5",17.5,-1.5,35.8
"Edwards, Xavier",669364,2024,303,".309","64.5","6.3",3.9,6.9,32.8
"Burger, Jake",669394,2024,579,".433","74.7","7.5",8.4,-6.1,23.7
"Allen, Nick",669397,2024,105,".247","65","6.5",5.8,-4.7,27.7
"Schmitt, Casey",669477,2024,113,".375","71.6","7.5",10.5,-9.4,34.2
"Smith, Josh",669701,2024,592,".333","70.2","6.8",13.1,-5.1,37.5
"Triolo, Jared",669707,2024,446,".347","70.5","7.8",10.1,-2,39
"Hays, Austin",669720,2024,255,".344","72.6","7.2",13.6,-5.1,29.4
"Call, Alex",669743,2024,113,".322","67.7","6.8",8.3,3.9,31.4
"Toglia, Michael",669911,2024,458,".496","73.2","7.5",15.1,-2.8,35.4
"Lopez, Nicky",670032,2024,445,".270","64.2","6.7",8.7,8.1,27.9
"Raley, Luke",670042,2024,455,".406","75","7.2",13.2,-4.1,31.5
"Mastrobuoni, Miles",670156,2024,106,".321","66.8","6.5",6,2.9,33.4
"Wallner, Matt",670242,2024,261,".518","77.3","7.3",11.9,-3.3,32.2
"Alvarez, Yordan",670541,2024,635,".457","76.5","7.6",8.8,-6,35.1
"Paredes, Isaac",670623,2024,641,".295","68.2","8",14.2,-16.7,32.4
"Walls, Taylor",670764,2024,252,".274","67.3","7.2",12.7,1.1,33.8
"Friedl Jr., TJ",670770,2024,341,".291","70.5","6.8",9,-8.9,27.8
"Herrera, Iván",671056,2024,259,".426","73.3","7.5",7.3,2.5,33.6
"Casas, Triston",671213,2024,243,".446","74.6","7.7",11.9,0.8,36.6
"Ramos, Heliot",671218,2024,518,".434","75.2","6.9",8.5,3.4,32.9
"García, Luis",671277,2024,528,".379","71.7","7.3",10,1.6,29
"Freeman, Tyler",671289,2024,383,".293","71.7","7.2",4.1,-4.7,35
"Butler, Lawrence",671732,2024,451,".419","74.2","7.1",4,0.3,31.4
"Harris II, Michael",671739,2024,470,".410","74.7","8.1",7.1,-2,29.8
"Bailey, Patrick",672275,2024,448,".376","71.3","7.3",7.7,-0.8,33.7
"Siani, Michael",672279,2024,334,".299","68.9","7.2",8.9,2.3,31.6
"Kelenic, Jarred",672284,2024,449,".409","72.7","7.3",14.5,-1.2,32.9
"Arias, Gabriel",672356,2024,161,".389","74.5","7.6",8,0.8,28.5
"Kirk, Alejandro",672386,2024,386,".335","70.1","7",7.4,4.6,25.1
"Moreno, Gabriel",672515,2024,351,".331","70.6","7",6.9,6.8,33.9
"Garcia, Maikel",672580,2024,626,".331","70.8","7.2",4.6,4.6,28.3
"Lopez, Otto",672640,2024,434,".354","70.7","6.6",6,1.8,30.6
"Perdomo, Geraldo",672695,2024,388,".282","66.9","6.8",8.9,-1.4,35
"Pérez, Wenceel",672761,2024,425,".337","70.2","6.9",6.6,-4,28.9
"Sosa, Lenyn",672820,2024,369,".385","71.7","7.4",8.1,3.6,33.6
"Diaz, Yainer",673237,2024,619,".395","72.5","7.4",11.2,3.9,30.8
"Robert Jr., Luis",673357,2024,425,".389","74.6","7.7",9.7,-1.7,36.1
"Kim, Ha-Seong",673490,2024,470,".323","69","6.8",4.4,-1.1,25.3
"Suzuki, Seiya",673548,2024,585,".437","73","7.2",6.4,-0.9,30.1
"Jung, Josh",673962,2024,188,".371","72","7.2",13.2,-0.1,36.8
"Westburg, Jordan",676059,2024,447,".429","71","6.8",10.7,-3.3,30.3
"Noda, Ryan",676116,2024,111,".297","72.3","7.6",19.7,-5.3,34.8
"DeLuca, Jonny",676356,2024,362,".309","70.8","7.6",8.3,-8,27
"Velázquez, Nelson",676369,2024,230,".373","73.4","7.5",12.1,-5.1,30.3
"Clement, Ernie",676391,2024,452,".302","66.8","6.8",10.6,-3.4,33.4
"Burleson, Alec",676475,2024,595,".351","71.2","7.5",9.6,1.4,33.4
"Caballero, José",676609,2024,483,".328","69.7","7",12.7,-5.2,32.6
"Meyers, Jake",676694,2024,513,".355","68.6","7",9.4,-4.3,30.4
"McCormick, Chas",676801,2024,267,".353","70.8","7.5",19,7.5,37.4
"Schneider, Davis",676914,2024,454,".374","69.8","6.9",17.4,-1.1,33.1
"Kjerstad, Heston",677008,2024,114,".362","70.9","7",12.4,1.1,37.8
"Rocchio, Brayan",677587,2024,442,".287","69.5","7.3",10.1,-3.2,29.2
"Tena, José",677588,2024,168,".388","71.2","6.9",7.7,-0.9,36.2
"Rodríguez, Julio",677594,2024,613,".437","76.3","7.9",8.1,-2.9,33
"Duran, Ezequiel",677649,2024,285,".295","72.6","7.2",6.4,1.1,25.7
"Abreu, Wilyer",677800,2024,447,".406","74.6","7.4",11.1,-3,31.7
"Jimenez, Leo",677870,2024,210,".370","69.7","7.4",8.9,1.7,34.5
"Alexander, Blaze",677942,2024,185,".300","73.1","7.3",7.2,4.8,34.3
"Thomas, Alek",677950,2024,103,".379","70.9","7.1",10.8,-0.3,29.2
"Witt Jr., Bobby",677951,2024,709,".457","74.7","7.1",5.9,-2.1,29.8
"Meadows, Parker",678009,2024,298,".362","70.5","7.3",9.6,-4.7,31.6
"Vargas, Miguel",678246,2024,237,".278","69.8","7.7",11.3,-3.5,36
"Mead, Curtis",678554,2024,132,".334","74","7.3",4.3,-0.1,30.2
"Tovar, Ezequiel",678662,2024,695,".391","71.3","7.5",10.5,-2.3,36
"Noel, Jhonkensy",678877,2024,198,".439","78","7.7",9.8,-13.1,30
"Rafaela, Ceddanne",678882,2024,571,".355","70.1","7.5",14.1,-0.5,33.3
"Rojas, Johan",679032,2024,363,".285","71.3","7.2",4.6,-1,20
"Torkelson, Spencer",679529,2024,381,".345","73.6","7.5",10.5,-8.3,32.8
"Loftin, Nick",679845,2024,171,".272","69.5","7.4",7.7,-4.7,33.3
"Blanco, Dairon",680118,2024,132,".338","74.1","7.5",9.5,-0.5,30.3
"Schuemann, Max",680474,2024,459,".345","68.3","6.7",12.3,0.3,32.3
"Palacios, Richie",680700,2024,316,".346","68.9","7",9.1,-4.8,25.9
"Barger, Addison",680718,2024,225,".369","74.4","7.5",7.8,0.7,32.5
"Kwan, Steven",680757,2024,540,".325","64.4","6.5",3.6,-2.9,35.8
"Duran, Jarren",680776,2024,735,".403","73.6","7.6",3.9,3.2,29.4
"Jeffers, Ryan",680777,2024,465,".336","72.9","7.5",9.5,-4.1,29.5
"Davis, Henry",680779,2024,122,".286","72.5","7.4",11.5,-8.6,25.9
"Gelof, Zack",680869,2024,547,".377","71.6","7.3",16.4,0.8,33.7
"Donovan, Brendan",680977,2024,652,".346","69.6","6.9",7.7,0.8,30
"Stott, Bryson",681082,2024,571,".324","68.2","7.1",6.5,2.2,31.9
"Bride, Jonah",681146,2024,272,".317","67.9","7.2",13.4,0.9,29
"Cowser, Colton",681297,2024,561,".433","73.8","6.9",13.9,0.2,38.8
"O'Hoppe, Logan",681351,2024,522,".442","70.7","7.3",15.1,-2.5,33.9
"Norby, Connor",681393,2024,194,".443","70.1","7.1",19,6.8,42.2
"Baldwin, Brooks",681460,2024,121,".329","71.2","7.1",12.3,-0.3,30.8
"Carpenter, Kerry",681481,2024,296,".487","71.5","7.5",17.7,1.1,34.6
"Outman, James",681546,2024,156,".372","73.1","7.9",14.7,-5.3,34.2
"Pages, Andy",681624,2024,443,".394","73.1","7.7",9.9,-4.1,41.2
"Fry, David",681807,2024,392,".368","70.5","7.8",13.7,-2.8,32.2
"Schneemann, Daniel",682177,2024,221,".348","70.7","7",13.2,1.8,33.9
"Marte, Noelvi",682622,2024,242,".364","73.1","7.5",10.1,-4.9,32
"Alvarez, Francisco",682626,2024,342,".343","73.5","7.2",4.2,-3.3,26
"Matos, Luis",682641,2024,156,".304","71.7","7.2",5.5,-11.4,25.3
"Martínez, Angel",682657,2024,169,".294","69","7.3",11.7,-3.5,34.5
"De La Cruz, Elly",682829,2024,696,".440","75.2","7.3",9.6,0.5,35.2
"Ramos, Bryan",682868,2024,108,".325","72","8.5",7.3,-3.4,27.6
"Abrams, CJ",682928,2024,602,".370","72.2","7.5",12.4,-3,29
"Greene, Riley",682985,2024,584,".445","74.7","7.2",11.9,0.4,43.4
"Carroll, Corbin",682998,2024,684,".349","73.7","7",6.5,-0.3,22.5
"Henderson, Gunnar",683002,2024,719,".443","76.3","7.2",8.3,2.9,30.5
"Volpe, Anthony",683011,2024,689,".329","69.3","7.1",9.6,7.4,33
"Stefanic, Michael",683021,2024,124,".246","64.4","6.3",3.1,2.7,33.5
"Baty, Brett",683146,2024,171,".330","73.5","7.6",12.1,-0.7,38.4
"Vaughn, Andrew",683734,2024,619,".378","70.8","7.6",9.7,-4.7,28.6
"Busch, Michael",683737,2024,567,".399","70.3","7.3",15.8,0.7,37.9
"Frelick, Sal",686217,2024,524,".288","66.3","6.9",5.6,0.6,30.3
"Pasquantino, Vinnie",686469,2024,554,".349","71.7","7.4",9.6,-7,30.1
"Canzone, Dominic",686527,2024,188,".393","72.4","7.6",16.2,-3.9,34.5
"Dunn, Oliver",686554,2024,104,".391","75.2","7.6",11.5,-2,28.9
"Crews, Dylan",686611,2024,132,".368","72.3","7.4",9.7,-2.9,27
"Doyle, Brenton",686668,2024,603,".412","70.9","7.4",12.7,0.1,31.3
"Lee, Korey",686676,2024,394,".350","71.4","7.2",9.6,-0.8,29.3
"Massey, Michael",686681,2024,356,".347","70.9","7.2",12.9,-7,32.4
"Pagés, Pedro",686780,2024,218,".354","72","6.9",5.7,1.5,31
"Lee, Brooks",686797,2024,185,".299","69.3","6.9",8.7,-5,30.3
"Brennan, Will",686823,2024,353,".326","69","6.8",5,0.2,30.1
"Grissom, Vaughn",687093,2024,114,".332","69.1","7.3",8.5,-2.7,36.1
"Hernaiz, Darell",687231,2024,135,".295","68.6","7.1",4.9,-0.6,29.1
"Neto, Zach",687263,2024,602,".376","71","7.1",14.6,-6.1,33.4
"Scott II, Victor",687363,2024,155,".309","69.1","6.7",11.2,-4.1,32.8
"Ortiz, Joey",687401,2024,511,".327","73.4","7.5",2.2,1.4,26.8
"Horwitz, Spencer",687462,2024,381,".364","69.5","7",9.4,2.6,37.9
"McCray, Grant",687529,2024,130,".420","72.7","7.2",7.8,0.2,35.2
"Beck, Jordan",687597,2024,184,".376","71.4","7.7",10.5,-1.4,32.6
"Encarnacion-Strand, Christian",687952,2024,123,".402","71.3","7.2",15.4,-0.7,38.1
"Wisely, Brett",689172,2024,272,".309","67.5","6.8",8.7,-3.4,33
"Keith, Colt",690993,2024,556,".361","71.3","6.7",8.5,0.1,33
"Soderstrom, Tyler",691016,2024,213,".427","74.4","7.5",13.5,0.7,30.6
"Walker, Jordan",691023,2024,178,".355","77.3","8.2",5.5,-10.4,32.2
"Winn, Masyn",691026,2024,637,".326","70.2","7.3",4.7,-1.9,28.4
"Caminero, Junior",691406,2024,177,".360","77.2","8.3",5.3,-2.6,25.4
"Crow-Armstrong, Pete",691718,2024,410,".343","70.6","7.2",14.3,0.2,35.3
"Gonzales, Nick",693304,2024,387,".370","71.1","7.3",11.8,-0.4,32.6
"Chourio, Jackson",694192,2024,573,".391","73.2","7.4",7.4,3.5,27.2
"Kavadas, Niko",694359,2024,106,".421","70.5","7",17.9,0.4,40.2
"Schanuel, Nolan",694384,2024,607,".327","65.2","6.6",9.1,1,39.2
"Loperfido, Joey",694388,2024,262,".365","72.9","7.7",16.3,4.7,38.4
"Carter, Evan",694497,2024,162,".331","71","7.1",5.8,-6.7,28.6
"Langford, Wyatt",694671,2024,557,".377","74.5","7",11.2,-4.4,31
"Harris, Brett",695391,2024,123,".260","70.3","7.2",7.1,-2.3,28
"Wood, James",695578,2024,336,".450","73.9","7.4",8.6,4.1,40.1
"Goodman, Hunter",696100,2024,224,".368","74.9","7.3",10.1,-8.6,24.1
"Young, Jacob",696285,2024,521,".319","68.2","6.9",6.6,5.5,31
"Sweeney, Trey",700242,2024,119,".378","74.3","7.7",11.9,-4.3,29.8
"Rice, Ben",700250,2024,178,".426","71.4","7.4",12.2,-4.9,32.8
"Manzardo, Kyle",700932,2024,156,".337","71.8","7.6",17.2,-5.3,37.1
"Merrill, Jackson",701538,2024,593,".434","72.2","7.5",6.2,0.8,37.4
"Lipscomb III, Trey",702358,2024,211,".287","69.8","7.6",3.4,3,33
"Holliday, Jackson",702616,2024,208,".344","71.2","7.1",9,4.5,31.1
"Wilson Jr., Jacob",805779,2024,103,".278","63.5","6.2",5.2,-6.4,35
"Yoshida, Masataka",807799,2024,421,".326","70.9","7.3",6.8,0.6,33.1
"Lee, Jung Hoo",808982,2024,158,".319","70.6","7.4",6.5,-5.5,37.6
"Maldonado, Martín",455117,2025,161,".392","71.2","7.6",15.1,-7.7,31.8
"Solano, Donovan",456781,2025,169,".310","66","6.9",8.8,-1.8,33.9
"McCutchen, Andrew",457705,2025,425,".400","71.2","7.7",14.8,-1.1,34.5
"Turner, Justin",457759,2025,154,".335","66.2","6.4",8.5,2.7,34.5
"Santana, Carlos",467793,2025,436,".314","71.4","7.6",12.8,-5.4,26.6
"Rojas, Miguel",500743,2025,194,".306","68.5","7.2",8.1,-5.1,32.4
"Pham, Tommy",502054,2025,318,".367","73.3","7",7.9,-0.7,27.2
"Goldschmidt, Paul",502671,2025,435,".394","72.7","7.6",10,2,31.8
"Altuve, Jose",514888,2025,496,".338","69.5","7.5",15,-5,28.7
"Marte, Starling",516782,2025,227,".359","72.4","7.3",8.3,0.3,35.4
"d'Arnaud, Travis",518595,2025,192,".402","70.1","7.8",15.1,-4.5,32.9
"Freeman, Freddie",518692,2025,455,".428","69.5","6.8",10.6,1.7,43
"LeMahieu, DJ",518934,2025,142,".356","67.6","7.2",5.7,12.6,28.3
"Stanton, Giancarlo",519317,2025,157,".490","80.7","8.9",11,-6.3,27.5
"Perez, Salvador",521692,2025,479,".444","73.2","7.9",12.7,-5.7,34.2
"Flores, Wilmer",527038,2025,389,".298","65.7","6.9",11.1,-6,32.1
"Ozuna, Marcell",542303,2025,451,".437","73.4","7.2",13.7,-0.9,36.8
"Berti, Jon",542932,2025,107,".334","72.2","7.4",2.3,9.1,29.1
"Higashioka, Kyle",543309,2025,232,".359","71","7.2",12.7,-6.7,32.1
"Semien, Marcus",543760,2025,506,".344","68.5","7.7",15.7,-4,34.7
"Springer III, George",543807,2025,408,".459","73.4","7.5",12.8,0.3,35
"Vázquez, Christian",543877,2025,199,".268","67.1","6.8",7.7,-1.5,26.6
"Grichuk, Randal",545341,2025,226,".427","73.9","7.8",10.7,-7.1,28.4
"Trout, Mike",545361,2025,398,".506","74.1","7.5",7.5,-0.3,36.5
"Harper, Bryce",547180,2025,400,".449","74.4","7.4",12.3,-3.1,35.3
"Díaz, Elias",553869,2025,241,".302","72.3","6.9",5.9,-3.8,29.4
"Suárez, Eugenio",553993,2025,481,".431","72.5","7.8",18.8,-5.8,38.6
"Urshela, Gio",570482,2025,194,".337","68.6","7.2",11,3.4,36.2
"Arenado, Nolan",571448,2025,394,".298","71.7","8.5",10.6,-8.9,33.2
"Farmer, Kyle",571657,2025,256,".321","66.2","6.8",12.3,-0.3,33.6
"Hernández, Enrique",571771,2025,186,".391","71.2","7.5",9.8,-3.3,29.9
"Muncy, Max",571970,2025,347,".452","71.3","7",18,-4.9,34.7
"Taylor, Michael A.",572191,2025,249,".421","72.5","7.1",14,0.6,31.2
"Walker, Christian",572233,2025,480,".400","74.1","7.4",8.6,-3.8,29
"Yastrzemski, Mike",573262,2025,409,".343","71.1","7.5",11.1,-2.9,30
"Contreras, Willson",575929,2025,472,".471","76.4","8",9.4,-1.9,32.9
"Iglesias, Jose",578428,2025,265,".286","68.4","6.6",2.4,4.3,33.8
"Canha, Mark",592192,2025,125,".298","68.7","7.4",11.4,-1,32.4
"Castellanos, Nick",592206,2025,475,".382","70.4","7.7",14.9,-4.2,39.7
"Judge, Aaron",592450,2025,487,".611","76.9","8.1",14.7,-6.3,38.5
"Machado, Manny",592518,2025,515,".442","74.6","7.8",7.5,-0.5,26.8
"Pederson, Joc",592626,2025,186,".323","73.2","7.5",9.9,-6.2,28.1
"Realmuto, J.T.",592663,2025,403,".402","72.4","7.6",12.7,1.7,34.1
"Renfroe, Hunter",592669,2025,108,".286","74.5","7.6",9.1,-6.7,25.6
"Yelich, Christian",592885,2025,480,".426","73.3","7.5",9.3,7.2,36.3
"Bogaerts, Xander",593428,2025,483,".364","72.3","7.3",9.8,-6.3,30.9
"Polanco, Jorge",593871,2025,379,".381","71.5","7.3",9.5,-10.8,30.3
"Profar, Jurickson",595777,2025,179,".323","70.8","7.5",11.2,-7.3,31
"Báez, Javier",595879,2025,347,".357","73.5","8.3",10.2,-5.9,30.3
"Hedges, Austin",595978,2025,127,".241","71.8","7.6",13.8,-9.4,27.3
"Lindor, Francisco",596019,2025,531,".368","70.7","7.5",11,-1.3,34
"Slater, Austin",596103,2025,142,".501","69.6","6.7",9.6,5.8,37.3
"Story, Trevor",596115,2025,482,".409","70.8","7.3",10.6,-4.7,29.7
"Sánchez, Gary",596142,2025,101,".403","73.1","7.6",13.3,-7.8,29.4
"Kepler, Max",596146,2025,372,".370","71.4","7.3",7.4,-6.4,31.5
"Urías, Ramón",602104,2025,314,".347","70.6","7.6",13.6,1.6,27.2
"Bell, Josh",605137,2025,405,".385","72.8","8",10.3,-3.3,33.8
"Betts, Mookie",605141,2025,486,".318","68.9","7",9.7,-6,34.5
"Caratini, Victor",605170,2025,303,".358","72.2","7",10.8,-3.5,34.8
"Martini, Nick",605361,2025,111,".273","69.7","6.7",6.9,-1.2,30.4
"Arcia, Orlando",606115,2025,163,".279","70.1","7.7",6.9,0.9,26.6
"Hernández, Teoscar",606192,2025,394,".435","72.8","7.8",10.5,-0.1,31.8
"Marte, Ketel",606466,2025,382,".438","74.8","7.9",10.4,-7.6,32.2
"Nimmo, Brandon",607043,2025,482,".388","71.8","7.2",6.7,1.9,29
"Turner, Trea",607208,2025,528,".358","71.1","7.6",8.4,-3.3,28
"Stallings, Jacob",607732,2025,129,".254","67.1","7.2",12.3,3.5,31.7
"Ramírez, José",608070,2025,495,".366","71","7.2",9.4,-9.5,29.7
"Bregman, Alex",608324,2025,323,".376","71.4","7.1",14.5,-6.2,27.9
"Kelly, Carson",608348,2025,304,".379","70.5","7",11.9,-3.5,33.4
"Seager, Corey",608369,2025,387,".477","72.5","6.7",13,3.3,34.2
"Refsnyder, Rob",608701,2025,156,".421","73.3","7.6",12.8,-1.1,32.8
"Andujar, Miguel",609280,2025,259,".334","71.6","7.7",6.3,-6.3,25.7
"Torrens, Luis",620443,2025,223,".429","70.7","7.2",9.9,6,29.9
"Swanson, Dansby",621020,2025,480,".458","70.8","7.4",15.4,-1.3,34.5
"Newman, Kevin",621028,2025,116,".271","68.1","6.6",6.7,-2.4,31.7
"Correa, Carlos",621043,2025,413,".405","74","7.3",8.2,-2.7,32.1
"Taylor, Tyrone",621438,2025,301,".347","70.3","7.5",7.9,-8.2,32.1
"Buxton, Byron",621439,2025,371,".477","75.1","7.9",13.6,-5.9,33.8
"Ward, Taylor",621493,2025,509,".430","69.6","7.1",9.7,-3.2,32
"Olson, Matt",621566,2025,531,".446","73.8","7.5",8.8,1,34
"Heineman, Tyler",623168,2025,133,".304","66.1","7.1",6.7,-12.4,28.6
"Santander, Anthony",623993,2025,209,".316","71.9","7.2",7.9,-9.3,24.1
"Alonso, Pete",624413,2025,514,".505","75.7","7.1",10.2,0.6,33.6
"Conforto, Michael",624424,2025,374,".390","73.6","7.3",10.7,0.2,32.3
"Frazier, Adam",624428,2025,328,".307","65.8","6.9",10.4,3.2,39
"Trevino, Jose",624431,2025,225,".290","69.1","7.2",9.5,-2.7,23.2
"Soler, Jorge",624585,2025,315,".389","74","7.7",8.4,-7.8,33.6
"Sosa, Edmundo",624641,2025,200,".380","72.3","8.1",9.7,-1.6,34.1
"Ibáñez, Andy",628451,2025,131,".319","69.1","7.1",5.4,-0.6,28.3
"Cronenworth, Jake",630105,2025,370,".327","70.9","7",7.7,-1.7,31
"Bauers, Jake",641343,2025,151,".449","76.4","7.8",12.6,-3.2,34.1
"Bellinger, Cody",641355,2025,473,".350","70.1","7.7",12.7,-3.2,32.2
"Crawford, J.P.",641487,2025,504,".368","71","7.1",4.4,1.4,36.2
"Fraley, Jake",641584,2025,192,".360","71.7","7.1",8.9,-6.6,37.7
"Garver, Mitch",641598,2025,212,".375","71.6","7.3",15.6,-8,29.4
"Heim, Jonah",641680,2025,332,".323","68.9","7.5",10.8,1.4,28.7
"McMahon, Ryan",641857,2025,462,".456","74.1","7.5",13.5,0,38.6
"O'Neill, Tyler",641933,2025,164,".484","74","7.7",20.2,-7.2,36.7
"Palacios, Joshua",641943,2025,145,".361","72","7.2",7.8,3.7,30.3
"Smith, Dominic",642086,2025,145,".355","67.8","6.9",12.5,-3.9,35.6
"Tellez, Rowdy",642133,2025,229,".450","74.7","8",7.9,-8.4,30.1
"Thaiss, Matt",642136,2025,190,".301","72.2","7.5",7,0.9,27.7
"Wade, Tyler",642180,2025,127,".255","65","6.7",7.3,-1.3,31.8
"White, Eli",642201,2025,241,".389","72.2","7.2",9,2.4,34.7
"Rosario, Amed",642708,2025,165,".397","73.1","7.4",6.6,-5,29.9
"Adames, Willy",642715,2025,509,".408","71.9","8.1",18.4,-3.5,35.1
"Estrada, Thairo",642731,2025,165,".292","71.8","7.3",11.7,-4.8,30.4
"Wynns, Austin",642851,2025,110,".427","70.9","7.5",13.4,-7.6,34.4
"Benintendi, Andrew",643217,2025,359,".363","69","7.1",16.4,-6.3,32.4
"Dubón, Mauricio",643289,2025,296,".301","68.3","7.4",5.1,1.3,29.8
"Jansen, Danny",643376,2025,276,".343","69.3","6.8",15.1,-5.2,29.7
"Kiner-Falefa, Isiah",643396,2025,374,".300","66.5","6.9",4.6,3.4,32.7
"McNeil, Jeff",643446,2025,310,".327","71","7.4",8.7,-4.8,32.8
"Tauchman, Mike",643565,2025,275,".396","68.8","7.2",8.4,1.7,34.2
"Albies, Ozzie",645277,2025,503,".300","68.8","7.2",12.6,-5.4,34.9
"Herrera, Jose",645444,2025,194,".249","66.9","7.2",7.4,-5.5,33.2
"Devers, Rafael",646240,2025,546,".469","71.6","7.6",9.4,5.1,29.5
"Naylor, Josh",647304,2025,457,".374","71.3","7.6",7.4,-8.7,31.1
"Toro, Abraham",647351,2025,269,".332","69.5","7.6",11,-2.5,31.9
"Urías, Luis",649966,2025,315,".305","69.5","7.5",11.3,-1.9,28
"Arraez, Luis",650333,2025,504,".279","62.5","5.9",5.3,5.3,37.4
"Torres, Gleyber",650402,2025,457,".408","70.3","7.2",9.3,3.8,34
"Castro, Willi",650489,2025,371,".370","71.6","7.2",8,-4.4,37.2
"Díaz, Yandy",650490,2025,503,".392","73.7","7.7",3.4,6.1,24.3
"Rengifo, Luis",650859,2025,421,".365","69.8","7.1",7.5,3.8,33.5
"Pozo, Yohel",650968,2025,139,".311","69.5","7.7",6.9,-1.8,25.3
"Adams, Riley",656180,2025,174,".420","77.9","7.8",8.8,-0.4,34.7
"Chapman, Matt",656305,2025,403,".421","74.9","7.5",5.5,-3.3,25
"Hill, Derek",656537,2025,111,".433","72.1","7.3",14,1.1,35.1
"Hoskins, Rhys",656555,2025,318,".396","71.1","8.2",16.8,-7.1,33.7
"McKinstry, Zach",656716,2025,401,".351","67.6","6.8",9.7,1.9,37.3
"Mullins II, Cedric",656775,2025,389,".337","71.1","7.6",11.5,-6.1,29.2
"O'Hearn, Ryan",656811,2025,391,".402","71.9","7.2",11.6,-0.2,33.2
"Schwarber, Kyle",656941,2025,528,".548","77.3","7.6",14.5,-6,30.4
"Smith, Pavin",656976,2025,264,".430","72.2","7.4",13.5,0.8,33
"Thomas, Lane",657041,2025,142,".299","72.7","6.9",9,-3.9,27.6
"Verdugo, Alex",657077,2025,213,".333","67.4","6.2",1.8,-0.6,30.9
"Wong, Connor",657136,2025,131,".300","72.3","7.3",11.7,-2,30.1
"DeJong, Paul",657557,2025,124,".378","72.2","6.8",14.9,-3,34.8
"Laureano, Ramón",657656,2025,335,".462","72.2","7.1",16.6,0.5,35.8
"Sheets, Gavin",657757,2025,402,".413","74.6","7.8",8.9,-7.7,27.7
"Moncada, Yoán",660162,2025,181,".398","72.7","7.4",12.3,-5.6,38
"Ohtani, Shohei",660271,2025,546,".568","76.1","8",15.7,-2.7,37
"Acuña Jr., Ronald",660670,2025,238,".516","76.3","7.6",12.3,6.8,39
"Ruiz, Keibert",660688,2025,267,".300","66.1","7",10.4,-9,34.2
"Sánchez, Jesús",660821,2025,381,".402","75.8","6.9",7,-1.8,27.5
"Contreras, William",661388,2025,495,".352","73.2","7.1",10.4,3.9,29.2
"Varsho, Daulton",662139,2025,133,".500","75.3","7.9",13.7,-3.2,29.7
"Nootbaar, Lars",663457,2025,413,".360","73.9","6.9",9.8,-4.2,28.2
"Hoerner, Nico",663538,2025,469,".309","68.4","7.2",5.6,-1.9,33.4
"Riley, Austin",663586,2025,447,".451","75.9","7.6",10.8,-4.5,32.2
"Lockridge, Brandon",663604,2025,121,".322","71.1","6.8",5.1,2.8,29.8
"Larnach, Trevor",663616,2025,425,".376","72.2","7.3",8.5,-10.4,34.7
"Mountcastle, Ryan",663624,2025,215,".397","75.1","7.6",6.9,-1.7,36.2
"Hayes, Ke'Bryan",663647,2025,431,".325","71.4","6.8",5,1.1,26.7
"Tucker, Kyle",663656,2025,509,".406","72","7.6",11.6,-8.2,33.7
"India, Jonathan",663697,2025,476,".351","72","7.3",8.9,-4,28
"Bart, Joey",663698,2025,256,".376","74.2","7.3",8.5,-0.6,34.1
"Raleigh, Cal",663728,2025,518,".481","75.2","7.9",18,-8.5,34.1
"Fortes, Nick",663743,2025,165,".282","72.2","7.3",3.7,-6.5,19.1
"Grisham, Trent",663757,2025,404,".436","71","7.6",16.6,1.8,30.4
"Vierling, Matt",663837,2025,100,".409","71.7","7.4",6.8,1.7,31.6
"Gonzalez, Romy",663853,2025,212,".478","74.9","6.8",6.6,1.9,27.6
"Stephenson, Tyler",663886,2025,280,".427","70.3","7.4",12.9,1.2,37.5
"Rodgers, Brendan",663898,2025,128,".449","74.1","7.3",9.9,-8.2,31.6
"Mangum, Jake",663968,2025,296,".304","67.2","6.5",2.2,11.4,29.3
"Lowe, Nathaniel",663993,2025,485,".378","72.6","7.2",6.3,8.2,29.9
"Happ, Ian",664023,2025,484,".402","72","7",10.5,-6.5,32.5
"France, Ty",664034,2025,422,".373","70.8","7.4",10.3,5.9,34.7
"Lowe, Brandon",664040,2025,400,".450","73.3","7.2",14.9,-2.4,33.7
"Bader, Harrison",664056,2025,334,".360","73.4","7.2",11.7,-6,25.1
"Haggerty, Sam",664059,2025,177,".358","71.8","6.9",2.8,-0.1,32.4
"Moore, Dylan",664238,2025,204,".389","72","7.2",7.8,-3.2,31.2
"Straw, Myles",664702,2025,239,".331","66.8","6.8",6.6,3,36.3
"Isbel, Kyle",664728,2025,322,".294","70.4","7.1",2.7,-5,24.4
"Bohm, Alec",664761,2025,383,".361","71.6","7.3",5.3,4.8,29.8
"Lukes, Nathan",664770,2025,306,".326","67.1","6.5",7.1,8,32
"Wade Jr., LaMonte",664774,2025,242,".314","70","6.7",9.1,0.3,31.8
"McCarthy, Jake",664983,2025,130,".304","69.1","7",9.4,-1.7,31.7
"Clemens, Kody",665019,2025,249,".417","72.1","7.2",12.2,-2.2,27
"Peña, Jeremy",665161,2025,394,".391","72.4","7.5",10.5,-8,30
"Tatis Jr., Fernando",665487,2025,522,".430","73.8","7.3",8.2,1.4,30.3
"Guerrero Jr., Vladimir",665489,2025,524,".444","76.6","7.6",1.6,-3.8,26.9
"Soto, Juan",665742,2025,515,".508","73.5","7",11.1,4.1,28
"Taveras, Leody",665750,2025,180,".319","71.2","7.4",6.3,-4.1,31.2
"Amaya, Miguel",665804,2025,100,".385","72.1","7.7",11.2,-11.4,34.9
"Cabrera, Oswaldo",665828,2025,122,".307","69.3","7.3",8.6,-0.8,32.1
"Cruz, Oneil",665833,2025,454,".464","78.8","7.8",9.5,-7.9,33.4
"Valdez, Enmanuel",665839,2025,102,".359","70.4","7.4",8.5,-4.9,27.4
"Chisholm Jr., Jazz",665862,2025,367,".479","73.8","7.8",15.8,-5.7,33.6
"Giménez, Andrés",665926,2025,242,".346","69.7","7.1",7.1,2.7,31
"Narváez, Carlos",665966,2025,339,".353","72.2","7.6",9.4,1.8,29.4
"Aranda, Jonathan",666018,2025,409,".492","70.5","7.3",10.2,3.7,35.6
"Fermin, Freddy",666023,2025,242,".320","69.8","7.2",8.4,-1,34.4
"Jones, Nolan",666134,2025,321,".396","72.5","6.8",8.7,0,35.6
"Lowe, Josh",666139,2025,299,".381","72.2","7.3",6.2,-0.3,35.4
"Fitzgerald, Tyler",666149,2025,224,".313","69.1","7.4",13.2,-4.4,35
"Hamilton, David",666152,2025,143,".302","70.7","7.3",7.5,-5.7,29.9
"Lux, Gavin",666158,2025,383,".348","69.5","7.4",11.1,3,33.5
"Moniak, Mickey",666160,2025,328,".440","74","7.7",11.5,-3.9,33.6
"Adell, Jo",666176,2025,421,".483","77.6","7.7",7.5,-5.4,33.4
"Benson, Will",666181,2025,201,".494","71.8","7.4",13.8,-4.3,32.7
"Bichette, Bo",666182,2025,531,".407","69","7.3",5.2,0.6,37.4
"Carlson, Dylan",666185,2025,166,".327","68.6","6.9",10.8,0.9,36.3
"Trammell, Taylor",666211,2025,103,".368","74.4","7.8",10.9,-3.3,29.8
"Naylor, Bo",666310,2025,304,".344","72.4","7.7",14.2,-8.6,31.9
"Julien, Edouard",666397,2025,128,".418","70.1","7",13.8,5,40.5
"Morel, Christopher",666624,2025,240,".451","75.9","8.3",15.5,-10.2,27.3
"García, Adolis",666969,2025,473,".396","72.3","7.6",9.1,-0.6,28.3
"Gurriel Jr., Lourdes",666971,2025,473,".335","70.7","7.5",10.6,-6.3,36.7
"Myers, Dane",667472,2025,285,".373","71","7.2",11,3.6,27.1
"Rooker Jr., Brent",667670,2025,530,".447","73.7","7.1",12.6,-6.6,35.9
"Arozarena, Randy",668227,2025,513,".436","72.4","7.5",9.2,-1.1,25.2
"Rogers, Jake",668670,2025,102,".312","70.4","7.4",15.6,-1.6,31.1
"Bleday, JJ",668709,2025,262,".336","71.9","7.5",14.4,-12.4,30.9
"Steer, Spencer",668715,2025,439,".332","70.9","7.4",12.6,-3.8,28.6
"Reynolds, Bryan",668804,2025,487,".450","72.2","7",13.4,0.8,37.9
"Vientos, Mark",668901,2025,314,".364","70.9","7.5",14.3,2.5,31.8
"Lewis, Royce",668904,2025,236,".369","73.6","8",11.4,-7.2,28.9
"Turang, Brice",668930,2025,481,".397","70.2","6.8",6.2,8.6,30.8
"Rutschman, Adley",668939,2025,329,".367","70.1","6.9",9.2,-1.3,34.6
"Rojas, Josh",668942,2025,211,".301","67.8","7.2",9.9,1.2,32.1
"Marsh, Brandon",669016,2025,296,".428","71.6","7.1",9.2,0.3,38.4
"Stowers, Kyle",669065,2025,443,".501","75","6.7",11.6,0.3,33.9
"Langeliers, Shea",669127,2025,372,".383","73.3","7.2",11,-1.7,30.2
"Murphy, Sean",669221,2025,298,".433","72.5","7.8",12.4,-4.1,30.7
"Wells, Austin",669224,2025,345,".343","73.5","7.6",10.7,-5.5,32.4
"Malloy, Justyn-Henry",669234,2025,118,".310","70.4","7.1",15.5,0.2,40.8
"Edman, Tommy",669242,2025,332,".365","69.8","6.8",9.6,-0.5,26.6
"Smith, Will",669257,2025,370,".429","69.8","7.3",11.8,0.9,33.7
"Suwinski, Jack",669261,2025,110,".403","73.9","7.4",13,3.2,35.3
"Espinal, Santiago",669289,2025,304,".263","68.4","7.4",6.5,-1.6,34.5
"Gorman, Nolan",669357,2025,257,".456","72.4","7.5",15,-1.2,34.4
"Edwards, Xavier",669364,2025,466,".314","66.9","6.4",2.7,1.8,31
"Burger, Jake",669394,2025,296,".413","74.7","7.4",7.7,-3.8,24.9
"Allen, Nick",669397,2025,358,".286","64.4","6.3",7,-0.3,30.1
"Hummel, Cooper",669450,2025,105,".400","71.8","7.2",12,-6.7,28.6
"Schmitt, Casey",669477,2025,209,".426","72.4","7.5",11,-8.5,34.9
"Smith, Josh",669701,2025,429,".345","69.2","6.8",8.2,-2.1,36.3
"Triolo, Jared",669707,2025,201,".333","71.9","7.7",8.9,-2.2,37.3
"Hays, Austin",669720,2025,285,".407","72.2","7.1",15,-6.3,30.6
"Call, Alex",669743,2025,257,".320","65.8","6.6",7.5,7.5,34.2
"Toglia, Michael",669911,2025,329,".423","72.7","7.6",14.9,-2.5,35.9
"Raley, Luke",670042,2025,170,".405","74","7.1",14,-1.5,31.2
"Mastrobuoni, Miles",670156,2025,172,".348","67.6","6.7",8.3,-2.5,32.9
"Mervis, Matt",670223,2025,134,".322","73.6","8.3",18.9,-11.5,33.8
"Misner, Kameron",670224,2025,217,".319","73.2","7.8",12.3,-7.4,37.1
"Rave, John",670231,2025,135,".373","73.9","7.3",10.7,-1.9,24.9
"Wallner, Matt",670242,2025,275,".449","76.5","7.4",12,-5.6,28.2
"Alvarez, Yordan",670541,2025,121,".403","76.6","7.8",11.3,-6.1,36.6
"Paredes, Isaac",670623,2025,409,".338","69","8",15.5,-15,32.5
"Walls, Taylor",670764,2025,317,".294","68.8","7",10.2,4,34.3
"Friedl Jr., TJ",670770,2025,503,".306","69.6","6.7",9.4,-7.4,28.3
"Herrera, Iván",671056,2025,277,".415","74.3","7.9",9.5,-0.8,32.7
"Casas, Triston",671213,2025,112,".362","75.1","8",15,-5.2,36
"Ramos, Heliot",671218,2025,520,".385","73.9","6.8",6.1,1.9,31.8
"Waters, Drew",671221,2025,219,".340","71.6","6.6",8.7,4.8,41.8
"García, Luis",671277,2025,398,".391","72.4","7.4",10.7,-2.6,28.8
"Freeman, Tyler",671289,2025,275,".322","71.8","7",2.5,1.3,35.7
"Butler, Lawrence",671732,2025,488,".387","73.7","7.1",6.7,1.6,30.4
"Harris II, Michael",671739,2025,467,".388","73.9","8",6.7,0.1,30.7
"Clarke, Denzel",672016,2025,159,".393","74.3","7.7",4.2,2.1,31.1
"Bailey, Patrick",672275,2025,326,".344","71.9","7.3",9.4,-3.9,33.1
"Arias, Gabriel",672356,2025,339,".412","75.3","7.6",9.9,0.4,29.1
"Kirk, Alejandro",672386,2025,375,".365","72.5","7.2",8,2.7,24.1
"Moreno, Gabriel",672515,2025,188,".380","70.7","6.8",7.8,5.5,34.4
"Garcia, Maikel",672580,2025,489,".368","72","7.3",4.8,0.7,26.8
"Lopez, Otto",672640,2025,427,".379","71.8","6.8",7.9,-2.5,30.1
"Perdomo, Geraldo",672695,2025,527,".337","68.2","6.9",7.1,-1.7,35.1
"Peraza, Oswald",672724,2025,177,".327","73.7","7.7",7,-4.2,25.2
"Canario, Alexander",672744,2025,180,".405","76.1","8",12.9,3,34.7
"Pérez, Wenceel",672761,2025,220,".380","71","7",8.3,-4.5,30.1
"Sosa, Lenyn",672820,2025,388,".424","72.4","7.4",10.7,0.8,32.6
"Diaz, Yainer",673237,2025,426,".387","71.9","7.3",10.9,0.2,28
"Robert Jr., Luis",673357,2025,389,".422","75.7","7.8",12.4,-5.6,36.4
"Suzuki, Seiya",673548,2025,496,".474","73.4","7.2",8.2,-3,30.9
"Jung, Josh",673962,2025,358,".396","70.4","7",11.6,2.5,37.9
"Westburg, Jordan",676059,2025,280,".402","71","6.7",10.5,-1.3,29.9
"Clement, Ernie",676391,2025,449,".315","67.6","7",11.5,-2.7,32.3
"Burleson, Alec",676475,2025,415,".373","72.5","7.5",10.6,-0.4,31.1
"Wagaman, Eric",676572,2025,406,".369","72.9","7.1",6.9,-2.8,27.8
"Caballero, José",676609,2025,283,".355","69.3","6.8",11,-1.7,32
"Meyers, Jake",676694,2025,322,".372","68.6","7",6.5,-2.2,32.5
"Schneider, Davis",676914,2025,144,".408","71.3","7.2",21.5,-7.7,33.8
"Kjerstad, Heston",677008,2025,167,".389","69.4","7",12.7,2.2,38
"Paris, Kyren",677347,2025,140,".447","73.2","7.5",16.2,-5.4,37.4
"Rocchio, Brayan",677587,2025,229,".337","69.9","7.3",10.9,-4.7,29.5
"Tena, José",677588,2025,162,".360","70.8","6.8",3.4,2.6,35
"Rodríguez, Julio",677594,2025,535,".418","76.2","7.7",7.1,-1.5,31.7
"Mauricio, Ronny",677595,2025,150,".390","73.8","7.6",7.1,-2.5,29.7
"Duran, Ezequiel",677649,2025,113,".307","72","7.1",5.3,0.2,28.1
"Abreu, Wilyer",677800,2025,381,".440","74.1","7.1",9.4,-1.3,31.1
"Alexander, Blaze",677942,2025,103,".437","73","7.5",8.4,4.7,36.8
"Thomas, Alek",677950,2025,342,".376","71.5","7",9.7,1,27.4
"Witt Jr., Bobby",677951,2025,515,".447","74.5","7",5.3,-0.7,28.7
"Meadows, Parker",678009,2025,137,".391","70.3","7.3",7.6,-3.4,29.8
"Vargas, Miguel",678246,2025,444,".339","70.6","7.6",12.5,-3.8,35.4
"Mead, Curtis",678554,2025,162,".345","73.2","7.1",3.1,-0.5,33.4
"Tovar, Ezequiel",678662,2025,224,".465","71.6","7.5",11.6,0.1,36.4
"Noel, Jhonkensy",678877,2025,111,".247","77.7","7.6",7.1,-3.6,29.6
"Rafaela, Ceddanne",678882,2025,432,".381","71","7.5",12,-1.4,32.9
"Rojas, Johan",679032,2025,172,".323","70.3","7.3",6.3,2.7,24.3
"Torkelson, Spencer",679529,2025,481,".431","73.2","7.8",13.4,-8,38.4
"Loftin, Nick",679845,2025,142,".328","69.5","7.1",8.3,-7.1,29.8
"Schuemann, Max",680474,2025,174,".292","68.4","6.7",8,3,30.4
"McLain, Matt",680574,2025,452,".348","69.7","6.9",11.7,-0.7,31.8
"Barger, Addison",680718,2025,364,".458","75.8","7.7",10.1,-6.4,28.6
"Kwan, Steven",680757,2025,498,".302","63.6","6.4",3.6,-3,35.6
"Duran, Jarren",680776,2025,530,".409","74.7","7.5",5.9,1.1,26.7
"Jeffers, Ryan",680777,2025,369,".383","72.2","7.3",10,-3.1,28.9
"Davis, Henry",680779,2025,202,".378","74","7.3",8,-6.7,26.3
"Donovan, Brendan",680977,2025,471,".375","69.2","6.8",7.9,2,30.3
"Stott, Bryson",681082,2025,412,".324","69.2","7.2",7.3,3.1,33.1
"Bride, Jonah",681146,2025,125,".280","68.2","7.3",16.3,-1.7,30.9
"Cowser, Colton",681297,2025,215,".405","73.6","7.3",15.5,-2.9,38.9
"O'Hoppe, Logan",681351,2025,357,".449","72","7.6",16.1,-3.4,33.2
"Norby, Connor",681393,2025,273,".401","69.4","6.9",19.4,4.7,41.3
"Baldwin, Brooks",681460,2025,219,".396","70.8","7",10.4,4,29.6
"Carpenter, Kerry",681481,2025,324,".432","71.9","7.5",16.2,0,34.2
"Pages, Andy",681624,2025,470,".395","72.8","7.9",7.8,-3.8,40.7
"Hernandez, Heriberto",681715,2025,147,".429","73.6","7.8",16.4,-2.6,30.8
"Fry, David",681807,2025,105,".277","70.6","7.9",15,-3.5,31.1
"Capra, Vinny",681962,2025,105,".271","68.5","7.2",11.6,-5.7,33.7
"Schneemann, Daniel",682177,2025,312,".412","71.2","7",13.5,3.9,34.7
"Marte, Noelvi",682622,2025,191,".376","74.1","7.4",9.3,-5.9,29.4
"Alvarez, Francisco",682626,2025,193,".421","73.9","7.2",7.9,4,30
"Matos, Luis",682641,2025,120,".293","72","7.3",7.1,-5.5,26.9
"Martínez, Angel",682657,2025,364,".319","70.1","7.4",12.4,-6.5,33.6
"Ramírez, Agustín",682663,2025,404,".424","75","7.5",7.4,-3.4,25.1
"Acuña, Luisangel",682668,2025,175,".310","70.9","7.3",3.3,4.7,25.3
"Clase, Jonatan",682729,2025,112,".349","71.8","6.7",7,-1.8,32.3
"De La Cruz, Elly",682829,2025,521,".427","74.5","7.2",8.3,0.4,33.8
"Abrams, CJ",682928,2025,468,".375","72.3","7.6",10.1,-3.5,26.9
"Greene, Riley",682985,2025,487,".486","75.2","7.2",13.7,2.5,44.8
"Carroll, Corbin",682998,2025,464,".477","74.7","7.3",10.6,-3,25.4
"Henderson, Gunnar",683002,2025,466,".428","75.5","7.3",8.6,1.2,29.1
"Volpe, Anthony",683011,2025,477,".377","72.5","7.2",10.8,5.4,31.6
"Baty, Brett",683146,2025,304,".412","74.8","7.3",8.1,3.9,35.1
"Vaughn, Andrew",683734,2025,303,".415","70.5","7.3",8.1,-2.1,28.9
"Busch, Michael",683737,2025,425,".473","69.7","7.1",17.1,-1.5,36.8
"Koss, Christian",683766,2025,120,".421","70.3","7.1",9.8,3.9,28.6
"Frelick, Sal",686217,2025,429,".312","68.5","7.1",8.6,-2.7,27.9
"Pasquantino, Vinnie",686469,2025,503,".369","72.6","7.4",9.7,-9.3,29.4
"Canzone, Dominic",686527,2025,177,".438","72.9","7.2",12.2,-2.4,32.6
"Collins, Isaac",686555,2025,326,".363","72.7","6.7",3.7,-1.8,29.2
"Crews, Dylan",686611,2025,173,".445","73.5","7.3",7.7,-1.4,25.6
"Doyle, Brenton",686668,2025,391,".397","70.7","7.3",11.7,0.4,30.5
"Massey, Michael",686681,2025,209,".273","70.2","7.2",12.4,-6,30.8
"Pagés, Pedro",686780,2025,295,".334","72.7","7.1",6.9,-1.9,30.4
"Lee, Brooks",686797,2025,369,".336","69.5","7.2",10.5,-4.7,31
"Baldwin, Drake",686948,2025,298,".416","75.4","7.2",10.1,2.6,31.3
"Rushing, Dalton",687221,2025,104,".416","73.2","7.6",14.5,-6.2,34.6
"Neto, Zach",687263,2025,440,".456","71.5","7",16.7,-5.5,38.2
"Scott II, Victor",687363,2025,397,".332","69.2","6.4",10.6,-2.2,32.1
"Ortiz, Joey",687401,2025,405,".308","72.6","7.6",2.1,-2.2,27.7
"Horwitz, Spencer",687462,2025,272,".375","68.3","6.9",9.3,-0.2,36.1
"Beck, Jordan",687597,2025,428,".430","73.4","7.7",9.9,-2.9,32.2
"Encarnacion-Strand, Christian",687952,2025,137,".354","73.6","7.4",15.5,-4,35.2
"Pauley, Graham",688363,2025,147,".329","70","7.1",9,-4.2,28.8
"Hicks, Liam",689414,2025,264,".327","67.6","6.8",9.1,-1.6,33.2
"Ritter, Ryan",690022,2025,113,".312","69.5","6.6",10.9,0.9,34.8
"Hassell III, Robert",690987,2025,102,".421","68.4","6.7",9.8,6.7,37.1
"Keith, Colt",690993,2025,363,".413","70.8","6.8",11.1,-1.1,33.3
"Soderstrom, Tyler",691016,2025,485,".423","74","7.5",10,0.9,30.9
"Teel, Kyle",691019,2025,149,".454","69.5","6.7",10.1,5,39.3
"Walker, Jordan",691023,2025,274,".381","78","8.2",5.9,-6.2,31.6
"Winn, Masyn",691026,2025,450,".329","71.2","7.5",5.6,-4.2,29.2
"Domínguez, Jasson",691176,2025,376,".387","73.9","7.8",6.4,-3.4,31.3
"Amador, Adael",691182,2025,125,".297","70.7","7.3",5.1,-7.8,29.9
"Caminero, Junior",691406,2025,485,".417","78.3","8.4",7.9,-5,26.4
"Sanoja, Javier",691594,2025,242,".311","67.7","7.3",2.5,-4.8,20.5
"Crow-Armstrong, Pete",691718,2025,485,".433","72.6","7.3",14.9,-3.3,34.9
"Mayo, Coby",691723,2025,146,".370","74.2","7.2",8.7,-14.5,36.4
"Muncy, Max",691777,2025,213,".374","73.1","7.3",9.3,-5.8,31.1
"House, Brady",691781,2025,163,".396","72.2","7.5",8.5,3.7,35.1
"Mayer, Marcelo",691785,2025,136,".367","74.1","7.8",7.5,-2.8,31.9
"Campbell, Kristian",692225,2025,263,".348","73.3","6.8",11.3,8,34.7
"Gonzales, Nick",693304,2025,243,".353","70.6","7.6",8.9,0.3,33.4
"Dingler, Dillon",693307,2025,336,".436","72","7.7",11.4,-1.2,39.3
"Chourio, Jackson",694192,2025,472,".381","74","7.5",7,1.1,26.1
"Tawa, Tim",694374,2025,173,".378","72.6","7",10,-4.4,31.5
"Schanuel, Nolan",694384,2025,502,".333","67.7","6.7",8.9,-1.4,38.5
"Carter, Evan",694497,2025,189,".331","70","7.2",8.9,-8.7,32.6
"Langford, Wyatt",694671,2025,428,".431","73.2","7",16.7,-2.1,34.2
"Wagner, Will",695238,2025,132,".355","68.9","6.4",4.9,0.3,31.7
"Saggese, Thomas",695336,2025,131,".338","69.6","6.9",7.2,7.4,38.8
"Caglianone, Jac",695506,2025,161,".395","77.1","7.6",7.7,-3.6,28.2
"Wood, James",695578,2025,517,".502","76","7.6",10.6,1.4,40.1
"Montgomery, Colson",695657,2025,125,".504","76.8","7.9",12.3,-9.5,33.6
"Lile, Daylen",695734,2025,203,".377","68.5","7",8,-2.1,36.9
"Goodman, Hunter",696100,2025,426,".422","74.3","7.2",13.7,-6.9,25.7
"Young, Jacob",696285,2025,292,".312","68.4","7.1",5.6,3.5,30.7
"Sweeney, Trey",700242,2025,264,".310","73.8","7.5",7.7,-3,25.7
"Rice, Ben",700250,2025,377,".468","73.8","7.4",10.8,-6,33.3
"Quero, Edgar",700337,2025,272,".321","67.6","6.7",6.1,9.7,31.8
"Manzardo, Kyle",700932,2025,372,".404","70.8","7.4",17.5,-0.7,36.6
"Dezenzo, Zach",701305,2025,109,".463","73.5","7.6",13.8,1,39.7
"Anthony, Roman",701350,2025,219,".461","74.6","7.3",9.5,0.3,29.6
"Smith, Cam",701358,2025,407,".404","74.3","7.3",6.5,-0.5,38
"Merrill, Jackson",701538,2025,371,".432","72","7.4",9.1,1.7,37
"Kurtz, Nick",701762,2025,337,".524","77.5","7.7",13.2,1.4,38.6
"Roden, Alan",702176,2025,145,".240","70.1","7.2",9.8,-5.5,26.9
"Young, Cole",702284,2025,190,".334","71.6","6.8",7.9,0.6,28.3
"Durbin, Caleb",702332,2025,345,".274","68.3","6.9",8.4,-5.2,27
"Holliday, Jackson",702616,2025,473,".392","70.6","6.9",8.3,6.9,32.2
"Simpson, Chandler",802415,2025,277,".313","64.1","6.3",4.3,4.8,29.1
"Kemp, Otto",805249,2025,156,".422","72.6","7.5",12.1,-8.1,34.7
"Meidroth, Chase",805367,2025,349,".309","67.9","6.7",6.4,2.1,28.8
"Wilson Jr., Jacob",805779,2025,396,".306","63.7","6.1",2.5,-0.8,35.2
"Shaw, Matt",807713,2025,297,".344","69.5","6.9",10.2,1.7,26.9
"Kim, Hyeseong",808975,2025,146,".362","67.6","7.1",10.5,-0.3,41.6
"Lee, Jung Hoo",808982,2025,476,".323","68.5","7.5",5.6,-5.1,39.5
"Williamson, Ben",810938,2025,295,".322","69.7","6.9",2.5,5.8,32.9